,@type,author.@type,author.image,author.name,author.url,claimReviewed,datePublished,itemReviewed.@type,itemReviewed.author.@type,itemReviewed.author.image,itemReviewed.author.jobTitle,itemReviewed.author.name,itemReviewed.datePublished,itemReviewed.name,reviewRating.@type,reviewRating.alternateName,reviewRating.bestRating,reviewRating.image,reviewRating.ratingValue,reviewRating.worstRating,url
0,ClaimReview,Organization,/web/assets/img/header_logo_color.png,Doğruluk Payı,http://www.dogrulukpayi.com,Ocak ayında son 12 yılın en yüksek yolcu trafiği gerçekleşmiş oldu.,2018-02-08,CreativeWork,Person,http://www.dogrulukpayi.comhttps://s3.eu-central-1.amazonaws.com/dogrulukpayi/actor/ahmet-arslan-442.jpg,"Ulaştırma, Denizcilik Ve Haberleşme Bakanı",Ahmet  Arslan,2018-02-09,Anadolu Ajansı Röportajında,Rating,Doğruluk Payı Vardır,10,http://www.dogrulukpayi.com/web/assets/img/kadran/4.png?v3.1.03,10,0,http://www.dogrulukpayi.com/iddia-kontrolu/ahmet-arslan/ocak-ayinda-son-12-yilin-en-yuksek-yolcu-trafigi-gerceklesmis-oldu
1,ClaimReview,Organization,/web/assets/img/header_logo_color.png,Doğruluk Payı,http://www.dogrulukpayi.com,Asgari ücretle çalışan emekçilerin kahvaltı sofrasındaki ürünlerin çoğunun fiyatı hem enflasyondan hem de asgari ücret artışından daha fazla arttı.,2018-02-08,CreativeWork,Person,http://www.dogrulukpayi.com/image/actor/cetin-osman-budak/orig.png,Antalya Milletvekili,Çetin Osman Budak ,2018-02-09,Twitter,Rating,Kısmen Doğruluk Payı Vardır,10,http://www.dogrulukpayi.com/web/assets/img/kadran/2.png?v3.1.03,5,0,http://www.dogrulukpayi.com/iddia-kontrolu/cetin-osman-budak/asgari-ucretle-calisan-emekcilerin-kahvalti-sofrasindaki-urunlerin-cogunun-fiyati-hem-enflasyondan-hem-de-asgari-ucret-artisindan-daha-fazla-artti
2,ClaimReview,Organization,/web/assets/img/header_logo_color.png,Doğruluk Payı,http://www.dogrulukpayi.com,Ailelerin cebinden hastanelere giden para miktarı yüzde 1136 gibi fahiş bir artış gösterdi.,2017-12-18,CreativeWork,Person,http://www.dogrulukpayi.com/image/actor/aykut-erdogdu/orig.png,İstanbul Milletvekili,Aykut  Erdoğdu,2017-12-20,Ankara,Rating,Doğruluk Payı Vardır,10,http://www.dogrulukpayi.com/web/assets/img/kadran/4.png?v3.1.03,9,0,http://www.dogrulukpayi.com/iddia-kontrolu/aykut-erdogdu/ailelerin-cebinden-hastanelere-giden-para-miktari-yuzde-1136-gibi-fahis-bir-artis-gosterdi
3,ClaimReview,Organization,/web/assets/img/header_logo_color.png,Doğruluk Payı,http://www.dogrulukpayi.com,Türkiye’de 24 bin gazeteciden 9 bini işsiz. Türkiye’deki işsizlik rekoru gazetecilik mesleğine ait.,2017-12-16,CreativeWork,Person,http://www.dogrulukpayi.comhttps://s3.eu-central-1.amazonaws.com/dogrulukpayi/actor/utku-cakirozer-948.jpg,CHP Eskişehir Milletvekili,Utku  Çakırözer,2017-12-22,TBMM,Rating,Kısmen Doğruluk Payı Vardır,10,http://www.dogrulukpayi.com/web/assets/img/kadran/2.png?v3.1.03,5,0,http://www.dogrulukpayi.com/iddia-kontrolu/utku-cakirozer/turkiye-de-24-bin-gazeteciden-9-bini-issiz-turkiye-deki-issizlik-rekoru-gazetecilik-meslegine-ait
4,ClaimReview,Organization,/web/assets/img/header_logo_color.png,Doğruluk Payı,http://www.dogrulukpayi.com,"Adalet ve Kalkınma Partisi geldiğinde yüzde 52’lerde olan “yargıya güven” endeksi, şu anda yüzde 14’e kadar düştü.",2017-12-21,CreativeWork,Person,http://www.dogrulukpayi.com/image/actor/ozgur-ozel/orig.png,Manisa Milletvekili,Özgür Özel ,2017-12-22,TBMM,Rating,Doğruluk Payı Yoktur,10,http://www.dogrulukpayi.com/web/assets/img/kadran/0.png?v3.1.03,0,0,http://www.dogrulukpayi.com/iddia-kontrolu/ozgur-ozel/adalet-ve-kalkinma-partisi-geldiginde-yuzde-52-lerde-olan-yargiya-guven-endeksi-su-anda-yuzde-14-e-kadar-dustu
5,ClaimReview,Organization,/web/assets/img/header_logo_color.png,Doğruluk Payı,http://www.dogrulukpayi.com,Türkiye’deki spor kulübü sayısı 13 bini geçmesine rağmen gelişmiş ülkelerle kıyaslandığında bu rakam çok düşük.,2017-12-12,CreativeWork,Person,http://www.dogrulukpayi.com/image/actor/omer-fethi-gurer/orig.png,Niğde Milletvekili,Ömer Fethi Gürer ,2017-12-20,Ankara,Rating,Doğruluk Payı Vardır,10,http://www.dogrulukpayi.com/web/assets/img/kadran/4.png?v3.1.03,10,0,http://www.dogrulukpayi.com/iddia-kontrolu/omer-fethi-gurer/turkiye-deki-spor-kulubu-sayisi-13-bini-gecmesine-ragmen-gelismis-ulkelerle-kiyaslandiginda-bu-rakam-cok-dusuk
6,ClaimReview,Organization,/web/assets/img/header_logo_color.png,Doğruluk Payı,http://www.dogrulukpayi.com,"Türkiye havacılıkta dünyada 11., Avrupa’da 5. sıraya yükseldi. THY Avrupa’nın 2. büyük şirketi haline geldi.",2017-09-29,CreativeWork,Person,http://www.dogrulukpayi.com/image/actor/binali-yildirim/orig.png,Başbakan,Binali Yıldırım ,2017-10-09,Çanakkale,Rating,Büyük Oranda Doğruluk Payı Vardır,10,http://www.dogrulukpayi.com/web/assets/img/kadran/3.png?v3.1.03,7,0,http://www.dogrulukpayi.com/iddia-kontrolu/binali-yildirim/turkiye-havacilikta-dunyada-11-avrupa-da-5-siraya-yukseldi-thy-avrupa-nin-2-buyuk-sirketi-haline-geldi
7,ClaimReview,Organization,/web/assets/img/header_logo_color.png,Doğruluk Payı,http://www.dogrulukpayi.com,100 gençten 27’si hem okula gitmiyor hem de çalışmıyor.,2017-10-03,CreativeWork,Person,http://www.dogrulukpayi.com/image/actor/kemal-kilicdaroglu/orig.png,Genel Başkanı,Kemal  Kılıçdaroğlu,2017-10-09,TBMM,Rating,Büyük Oranda Doğruluk Payı Vardır,10,http://www.dogrulukpayi.com/web/assets/img/kadran/3.png?v3.1.03,7,0,http://www.dogrulukpayi.com/iddia-kontrolu/kemal-kilicdaroglu/100-gencten-27-si-hem-okula-gitmiyor-hem-de-calismiyor
8,ClaimReview,Organization,/web/assets/img/header_logo_color.png,Doğruluk Payı,http://www.dogrulukpayi.com,Türkiye Maastricht ile Kopenhag kriterlerini gerçekleştirdi ve birçok AB ülkesinden de iyi konumda.,2017-10-03,CreativeWork,Person,http://www.dogrulukpayi.com/image/actor/mevlut-cavusoglu/orig.png,Dışişleri Bakanı,Mevlüt  Çavuşoğlu,2017-10-06,Anadolu Ajansı,Rating,Doğruluk Payı Yoktur,10,http://www.dogrulukpayi.com/web/assets/img/kadran/0.png?v3.1.03,0,0,http://www.dogrulukpayi.com/iddia-kontrolu/mevlut-cavusoglu/turkiye-maastricht-ile-kopenhag-kriterlerini-gerceklestirdi-ve-bircok-ab-ulkesinden-de-iyi-konumda
9,ClaimReview,Organization,/web/assets/img/header_logo_color.png,Doğruluk Payı,http://www.dogrulukpayi.com,Türkiye’de cezaevlerinde annesiyle birlikte kalan 6 yaş altındaki çocuk sayısı 594.,2017-10-04,CreativeWork,Person,http://www.dogrulukpayi.comhttps://s3.eu-central-1.amazonaws.com/dogrulukpayi/actor/muslum-dogan-2055493528.jpg,İzmir Milletvekili,Müslüm  Doğan,2017-10-05,Twitter,Rating,Doğruluk Payı Vardır,10,http://www.dogrulukpayi.com/web/assets/img/kadran/4.png?v3.1.03,10,0,http://www.dogrulukpayi.com/iddia-kontrolu/muslum-dogan/turkiye-de-cezaevlerinde-annesiyle-birlikte-kalan-6-yas-altindaki-cocuk-sayisi-594
10,ClaimReview,Organization,/web/assets/img/header_logo_color.png,Doğruluk Payı,http://www.dogrulukpayi.com,Son 16 yılda cezaevlerinde 3.432 tutuklu ve hükümlü hayatını kaybetti.,2017-11-05,CreativeWork,Person,http://www.dogrulukpayi.comhttps://s3.eu-central-1.amazonaws.com/dogrulukpayi/actor/veli-agbaba-481.jpg,Malatya Milletvekili,Veli  Ağbaba,2017-11-13,TBMM,Rating,Doğruluk Payı Vardır,10,http://www.dogrulukpayi.com/web/assets/img/kadran/4.png?v3.1.03,9,0,http://www.dogrulukpayi.com/iddia-kontrolu/veli-agbaba/son-16-yilda-cezaevlerinde-3-432-tutuklu-ve-hukumlu-hayatini-kaybetti
11,ClaimReview,Organization,/web/assets/img/header_logo_color.png,Doğruluk Payı,http://www.dogrulukpayi.com,Buzağı ölümleri ülkemizde yüzde 15 seviyesindedir. Her yıl yaklaşık 500 bin buzağı ölmektedir. Buzağı ölümlerini durdurduğumuzda canlı hayvan ithalatının da kendiliğinden önüne geçilmiş olacak.,2017-11-06,CreativeWork,Person,http://www.dogrulukpayi.com/image/actor/ismail-ok/orig.png,İyi Parti Balıkesir Milletvekili,İsmail  Ok,2017-11-09,TBMM,Rating,Büyük Oranda Doğruluk Payı Vardır,10,http://www.dogrulukpayi.com/web/assets/img/kadran/3.png?v3.1.03,7,0,http://www.dogrulukpayi.com/iddia-kontrolu/ismail-ok/buzagi-olumleri-ulkemizde-yuzde-15-seviyesindedir-her-yil-yaklasik-500-bin-buzagi-olmektedir-buzagi-olumlerini-durdurdugumuzda-canli-hayvan-ithalatinin-da-kendiliginden-onune-gecilmis-olacak
12,ClaimReview,Organization,/web/assets/img/header_logo_color.png,Doğruluk Payı,http://www.dogrulukpayi.com,"Dünya Bankası&#039;nın değerlendirme çalışmasına göre, Türkiye hukukun üstünlüğünde 18 sıra geriye gitti, 209 ülke arasında 108. sırada yer aldı.",2017-12-22,CreativeWork,Person,http://www.dogrulukpayi.comhttps://s3.eu-central-1.amazonaws.com/dogrulukpayi/actor/bihlun-tamayligil-71.jpg,CHP İstanbul Milletvekili,Bihlun  Tamaylıgil,2017-12-27,TBMM,Rating,Doğruluk Payı Vardır,10,http://www.dogrulukpayi.com/web/assets/img/kadran/4.png?v3.1.03,9,0,http://www.dogrulukpayi.com/iddia-kontrolu/bihlun-tamayligil/dunya-bankasi-nin-degerlendirme-calismasina-gore-turkiye-hukukun-ustunlugunde-18-sira-geriye-gitti-209-ulke-arasinda-108-sirada-yer-aldi
13,ClaimReview,Organization,/web/assets/img/header_logo_color.png,Doğruluk Payı,http://www.dogrulukpayi.com,Türkiye &quot;gini&quot; sıralamasında gittikçe geriye düşüyor.,2017-12-22,CreativeWork,Person,http://www.dogrulukpayi.com/image/actor/filiz-kerestecioglu/orig.png,İstanbul Milletvekili,Filiz  Kerestecioğlu,2017-12-27,TBMM,Rating,Büyük Oranda Doğruluk Payı Vardır,10,http://www.dogrulukpayi.com/web/assets/img/kadran/3.png?v3.1.03,7,0,http://www.dogrulukpayi.com/iddia-kontrolu/filiz-kerestecioglu/turkiye-gini-siralamasinda-gittikce-geriye-dusuyor
14,ClaimReview,Organization,/web/assets/img/header_logo_color.png,Doğruluk Payı,http://www.dogrulukpayi.com,"Tarımsal ham maddede ithalat, ihracatın 6 katına ulaştı.",2017-06-07,CreativeWork,Person,http://www.dogrulukpayi.com/image/actor/orhan-saribal/orig.png,Bursa Milletvekili,Orhan Sarıbal ,2017-06-08,TBMM,Rating,Büyük Oranda Doğruluk Payı Yoktur,10,http://www.dogrulukpayi.com/web/assets/img/kadran/1.png?v3.1.03,3,0,http://www.dogrulukpayi.com/iddia-kontrolu/orhan-saribal/tarimsal-ham-maddede-ithalat-ihracatin-6-katina-ulasti
15,ClaimReview,Organization,/web/assets/img/header_logo_color.png,Doğruluk Payı,http://www.dogrulukpayi.com,"Peki zeytin üretiminde Türkiye&#039;yi dünya ikincisi yapan kim, AK Parti.",2017-06-06,CreativeWork,Person,http://www.dogrulukpayi.com/image/actor/binali-yildirim/orig.png,Başbakan,Binali Yıldırım ,2017-06-07,TBMM,Rating,Doğruluk Payı Yoktur,10,http://www.dogrulukpayi.com/web/assets/img/kadran/0.png?v3.1.03,1,0,http://www.dogrulukpayi.com/iddia-kontrolu/binali-yildirim/peki-zeytin-uretiminde-turkiye-yi-dunya-ikincisi-yapan-kim-ak
16,ClaimReview,Organization,/web/assets/img/header_logo_color.png,Doğruluk Payı,http://www.dogrulukpayi.com,"G-20, OECD standartlarında gelir dağılımını en iyi düzelten, örnek gösterilen bir performans sergiledik.",2015-01-14,CreativeWork,Person,http://www.dogrulukpayi.com/image/actor/ahmet-davutoglu/orig.png,Konya Milletvekili,Ahmet  Davutoğlu,1970-01-01,Ankara,Rating,Doğruluk Payı Yoktur,10,http://www.dogrulukpayi.com/web/assets/img/kadran/0.png?v3.1.03,1,0,http://www.dogrulukpayi.com/iddia-kontrolu/ahmet-davutoglu/g-20-oecd-standartlarinda-gelir-dagilimini-en-iyi-duzelten-ornek
17,ClaimReview,Organization,/web/assets/img/header_logo_color.png,Doğruluk Payı,http://www.dogrulukpayi.com,Erdoğan&#039;ın iktidarında 52 milyar dolarlık devlet mülkü satıldı.,2014-08-22,CreativeWork,Person,http://www.dogrulukpayi.com/image/actor/faik-oztrak/orig.png,Tekirdağ Milletvekili,Faik  Öztrak,1970-01-01,Ankara,Rating,Doğruluk Payı Vardır,10,http://www.dogrulukpayi.com/web/assets/img/kadran/4.png?v3.1.03,10,0,http://www.dogrulukpayi.com/iddia-kontrolu/faik-oztrak/erdogan-in-iktidarinda-52-milyar-dolarlik-devlet-mulku-satildi
18,ClaimReview,Organization,/web/assets/img/header_logo_color.png,Doğruluk Payı,http://www.dogrulukpayi.com,(İsrail’in Gazze saldırısı hakkında) İslam ülkelerinin çoğu susuyor.,2014-07-19,CreativeWork,Person,http://www.dogrulukpayi.com/image/actor/recep-tayyip-erdogan/orig.png,Cumhurbaşkanı,Recep Tayyip Erdoğan,1970-01-01,Ordu,Rating,Doğruluk Payı Yoktur,10,http://www.dogrulukpayi.com/web/assets/img/kadran/0.png?v3.1.03,1,0,http://www.dogrulukpayi.com/iddia-kontrolu/recep-tayyip-erdogan/israil-in-gazze-saldirisi-hakkinda-islam-ulkelerinin-cogu-susuyor
19,ClaimReview,Organization,/web/assets/img/header_logo_color.png,Doğruluk Payı,http://www.dogrulukpayi.com,"2002 yılında ülkemize sadece 1.1 milyar dolar olan doğrudan yabancı yatırım, 2013 yılında 12.9 milyar dolara yükseldi.",2014-12-10,CreativeWork,Person,http://www.dogrulukpayi.com/image/actor/ahmet-davutoglu/orig.png,Konya Milletvekili,Ahmet  Davutoğlu,1970-01-01,T.B.M.M.,Rating,Doğruluk Payı Vardır,10,http://www.dogrulukpayi.com/web/assets/img/kadran/4.png?v3.1.03,9,0,http://www.dogrulukpayi.com/iddia-kontrolu/ahmet-davutoglu/2002-yilinda-ulkemize-sadece-1-1-milyar-dolar-olan-dogrudan
20,ClaimReview,Organization,/web/assets/img/header_logo_color.png,Doğruluk Payı,http://www.dogrulukpayi.com,Türkiye nüfusunun en varlıklı yüzde 1’lik kesimi ülkedeki toplam servetin yüzde 38’ini alırken bu oran 2014 yılında yüzde 54’e çıkmıştır.,2014-10-22,CreativeWork,Person,http://www.dogrulukpayi.com/image/actor/selin-sayek-boke/orig.png,İzmir Milletvekili,Selin  Sayek Böke,1970-01-01,Röpor,Rating,Doğruluk Payı Vardır,10,http://www.dogrulukpayi.com/web/assets/img/kadran/4.png?v3.1.03,9,0,http://www.dogrulukpayi.com/iddia-kontrolu/selin-sayek-boke/turkiye-nufusunun-en-varlikli-yuzde-1-lik-kesimi-ulkedeki-toplam
21,ClaimReview,Organization,/web/assets/img/header_logo_color.png,Doğruluk Payı,http://www.dogrulukpayi.com,(Türkiye) Yolsuzluk Algılama Endeksi&#039;nde 2003 yılında 133 ülke arasında 77&#039;nci sırada yer alırken 2013 yılında 50&#039;nci sıraya yükselmiştir.,2014-09-01,CreativeWork,Person,http://www.dogrulukpayi.com/image/actor/ahmet-davutoglu/orig.png,Konya Milletvekili,Ahmet  Davutoğlu,1970-01-01,TBMM,Rating,Büyük Oranda Doğruluk Payı Yoktur,10,http://www.dogrulukpayi.com/web/assets/img/kadran/1.png?v3.1.03,2,0,http://www.dogrulukpayi.com/iddia-kontrolu/ahmet-davutoglu/turkiye-yolsuzluk-algilama-endeksi-nde-2003-yilinda-133-ulke-arasinda
22,ClaimReview,Organization,/web/assets/img/header_logo_color.png,Doğruluk Payı,http://www.dogrulukpayi.com,Türkiye’de 329 huzurevi var ve bu kapasitenin yaklaşık 21 bini dolu durumdadır,2014-10-01,CreativeWork,Person,http://www.dogrulukpayi.com/image/actor/aysenur-islam/orig.png,Sakarya Milletvekili,Ayşenur  İslam,1970-01-01,Ankara,Rating,Kısmen Doğruluk Payı Vardır,10,http://www.dogrulukpayi.com/web/assets/img/kadran/2.png?v3.1.03,4,0,http://www.dogrulukpayi.com/iddia-kontrolu/aysenur-islam/turkiye-de-329-huzurevi-var-ve-bu-kapasitenin-yaklasik-21
23,ClaimReview,Organization,/web/assets/img/header_logo_color.png,Doğruluk Payı,http://www.dogrulukpayi.com,Almanya enerji ihtiyacının yüzde 43’ünü kömürden karşılıyor. Türkiye ise yüzde 28’ini kömürden karşılamakta,2015-01-07,CreativeWork,Person,http://www.dogrulukpayi.com/image/actor/taner-yildiz/orig.png,Enerji ve Tabii Kaynaklar Eski Bakanı,Taner  Yıldız,1970-01-01,Ankara,Rating,Büyük Oranda Doğruluk Payı Vardır,10,http://www.dogrulukpayi.com/web/assets/img/kadran/3.png?v3.1.03,7,0,http://www.dogrulukpayi.com/iddia-kontrolu/taner-yildiz/almanya-enerji-ihtiyacinin-yuzde-43-unu-komurden-karsiliyor-turkiye-ise
24,ClaimReview,Organization,/web/assets/img/header_logo_color.png,Doğruluk Payı,http://www.dogrulukpayi.com,"İş kazası oranı AB ülkelerinde yüzbinde 1.8 iken, Türkiye&#039;de bu rakam 15.4&#039;dür.",2014-09-09,CreativeWork,Person,http://www.dogrulukpayi.com/image/actor/hasan-oren/orig.png,Manisa Milletvekili,Hasan  Ören,1970-01-01,TBMM,Rating,Kısmen Doğruluk Payı Vardır,10,http://www.dogrulukpayi.com/web/assets/img/kadran/2.png?v3.1.03,5,0,http://www.dogrulukpayi.com/iddia-kontrolu/hasan-oren/is-kazasi-orani-ab-ulkelerinde-yuzbinde-1-8-iken-turkiye
25,ClaimReview,Organization,/web/assets/img/header_logo_color.png,Doğruluk Payı,http://www.dogrulukpayi.com,"2002&#039;de kişi başına dış borç bin 963 dolarken, bugün 5 bin 224 dolar oldu.",2015-01-27,CreativeWork,Person,http://www.dogrulukpayi.com/image/actor/kemal-kilicdaroglu/orig.png,Genel Başkanı,Kemal  Kılıçdaroğlu,1970-01-01,CHP TBMM Grup Toplantısı,Rating,Doğruluk Payı Vardır,10,http://www.dogrulukpayi.com/web/assets/img/kadran/4.png?v3.1.03,9,0,http://www.dogrulukpayi.com/iddia-kontrolu/kemal-kilicdaroglu/2002-de-kisi-basina-dis-borc-bin-963-dolarken-bugun
26,ClaimReview,Organization,/web/assets/img/header_logo_color.png,Doğruluk Payı,http://www.dogrulukpayi.com,IŞİD öldürüyor ama işkence yapmıyor.,2014-10-08,CreativeWork,Person,http://www.dogrulukpayi.com/image/actor/emrullah-isler/orig.png,Ankara Milletvekili,Emrullah   İşler,1970-01-01,Twit,Rating,Doğruluk Payı Yoktur,10,http://www.dogrulukpayi.com/web/assets/img/kadran/0.png?v3.1.03,1,0,http://www.dogrulukpayi.com/iddia-kontrolu/emrullah-isler/isid-olduruyor-ama-iskence-yapmiyor
27,ClaimReview,Organization,/web/assets/img/header_logo_color.png,Doğruluk Payı,http://www.dogrulukpayi.com,Bu yılın ilk çeyreğinde büyüme yüzde 4’ün üzerindedir. Avrupa ülkeleri arasında 1’i aşan büyüme olmamıştır.,2014-09-17,CreativeWork,Person,http://www.dogrulukpayi.com/image/actor/recep-tayyip-erdogan/orig.png,Cumhurbaşkanı,Recep Tayyip Erdoğan,1970-01-01,Ankara,Rating,Doğruluk Payı Yoktur,10,http://www.dogrulukpayi.com/web/assets/img/kadran/0.png?v3.1.03,1,0,http://www.dogrulukpayi.com/iddia-kontrolu/recep-tayyip-erdogan/bu-yilin-ilk-ceyreginde-buyume-yuzde-4-un-uzerindedir-avrupa
28,ClaimReview,Organization,/web/assets/img/header_logo_color.png,Doğruluk Payı,http://www.dogrulukpayi.com,"Gelişmiş ülkelere bakalım, görüyoruz ki tamamına yakınında başkanlık sistemi var.",2015-01-27,CreativeWork,Person,http://www.dogrulukpayi.com/image/actor/recep-tayyip-erdogan/orig.png,Cumhurbaşkanı,Recep Tayyip Erdoğan,1970-01-01,Somali&#039;den Türkiye&#039;ye Dönüşü,Rating,Doğruluk Payı Yoktur,10,http://www.dogrulukpayi.com/web/assets/img/kadran/0.png?v3.1.03,1,0,http://www.dogrulukpayi.com/iddia-kontrolu/recep-tayyip-erdogan/gelismis-ulkelere-bakalim-goruyoruz-ki-tamamina-yakininda-baskanlik-sistemi-var
29,ClaimReview,Organization,/web/assets/img/header_logo_color.png,Doğruluk Payı,http://www.dogrulukpayi.com,(İnsani yardımlar konusunda) Türkiye dünyanın en cömert ülkesidir.,2014-09-23,CreativeWork,Person,http://www.dogrulukpayi.com/image/actor/recep-tayyip-erdogan/orig.png,Cumhurbaşkanı,Recep Tayyip Erdoğan,1970-01-01,New York,Rating,Doğruluk Payı Vardır,10,http://www.dogrulukpayi.com/web/assets/img/kadran/4.png?v3.1.03,10,0,http://www.dogrulukpayi.com/iddia-kontrolu/recep-tayyip-erdogan/insani-yardimlar-konusunda-turkiye-dunyanin-en-comert-ulkesidir
30,ClaimReview,Organization,/web/assets/img/header_logo_color.png,Doğruluk Payı,http://www.dogrulukpayi.com,2013 yılında Türkiye&#039;de otomobil satışları rekor kırdı ve 665 bin otomobil satıldı. 2002&#039;de 91 bin otomobil satılmıştı.,2014-09-17,CreativeWork,Person,http://www.dogrulukpayi.com/image/actor/recep-tayyip-erdogan/orig.png,Cumhurbaşkanı,Recep Tayyip Erdoğan,1970-01-01,Ankara,Rating,Büyük Oranda Doğruluk Payı Vardır,10,http://www.dogrulukpayi.com/web/assets/img/kadran/3.png?v3.1.03,7,0,http://www.dogrulukpayi.com/iddia-kontrolu/recep-tayyip-erdogan/2013-yilinda-turkiye-de-otomobil-satislari-rekor-kirdi-ve-665
31,ClaimReview,Organization,/web/assets/img/header_logo_color.png,Doğruluk Payı,http://www.dogrulukpayi.com,2002 yılında 847 bin kişi kredi kartı borcuna sahip. Haziran 2014 itibariyle 3 milyon 165 bin kişi olmuş. Borçlar 334 Milyar TL’ye çıkmış.,2014-07-01,CreativeWork,Person,http://www.dogrulukpayi.com/image/actor/kemal-kilicdaroglu/orig.png,Genel Başkanı,Kemal  Kılıçdaroğlu,1970-01-01,TBMM Parti Grup Toplantısı,Rating,Doğruluk Payı Yoktur,10,http://www.dogrulukpayi.com/web/assets/img/kadran/0.png?v3.1.03,1,0,http://www.dogrulukpayi.com/iddia-kontrolu/kemal-kilicdaroglu/2002-yilinda-847-bin-kisi-kredi-karti-borcuna-sahip-haziran
32,ClaimReview,Organization,/web/assets/img/header_logo_color.png,Doğruluk Payı,http://www.dogrulukpayi.com,IMF’ye borç veren bir ülke olduk,2014-08-30,CreativeWork,Person,http://www.dogrulukpayi.com/image/actor/nihat-zeybekci/orig.png,Ekonomi Bakanı,Nihat   Zeybekci,1970-01-01,Denizli,Rating,Büyük Oranda Doğruluk Payı Yoktur,10,http://www.dogrulukpayi.com/web/assets/img/kadran/1.png?v3.1.03,3,0,http://www.dogrulukpayi.com/iddia-kontrolu/nihat-zeybekci/imf-ye-borc-veren-bir-ulke-olduk
33,ClaimReview,Organization,/web/assets/img/header_logo_color.png,Doğruluk Payı,http://www.dogrulukpayi.com,"Aile içi şiddet nedeniyle Türkiye&#039;de 170 kadın öldürülmüş, Almanya&#039;da ise 303. Almanya&#039;daki durumu hiç duymuyoruz ama Türkiye&#039;dekini sağır sultan bile duyuyor.",2014-12-31,CreativeWork,Person,http://www.dogrulukpayi.com/image/actor/aysenur-islam/orig.png,Sakarya Milletvekili,Ayşenur  İslam,1970-01-01,Ankara,Rating,Doğruluk Payı Yoktur,10,http://www.dogrulukpayi.com/web/assets/img/kadran/0.png?v3.1.03,1,0,http://www.dogrulukpayi.com/iddia-kontrolu/aysenur-islam/aile-ici-siddet-nedeniyle-turkiye-de-170-kadin-oldurulmus-almanya
34,ClaimReview,Organization,/web/assets/img/header_logo_color.png,Doğruluk Payı,http://www.dogrulukpayi.com,"Dünyada kömür üretiminde Almanya 1., Türkiye 28. Son 30 yılda madenlerde ölen işçi sayısı Almanya’da 0, Türkiye’de 1580",2014-10-30,CreativeWork,Person,http://www.dogrulukpayi.com/image/actor/sinan-ogan/orig.png,Iğdır Milletvekili,Sinan  Oğan,1970-01-01,Twit,Rating,Büyük Oranda Doğruluk Payı Yoktur,10,http://www.dogrulukpayi.com/web/assets/img/kadran/1.png?v3.1.03,3,0,http://www.dogrulukpayi.com/iddia-kontrolu/sinan-ogan/dunyada-komur-uretiminde-almanya-1-turkiye-28-son-30-yilda
35,ClaimReview,Organization,/web/assets/img/header_logo_color.png,Doğruluk Payı,http://www.dogrulukpayi.com,Türkiye’de yargıya güven önceleri yüzde 60-70’lerdeyken şimdilerde yüzde 20’lerin altına düşmüştür.,2014-11-06,CreativeWork,Person,http://www.dogrulukpayi.com/image/actor/abdulhamit-gul/orig.png,Adalet Bakanı,Abdülhamit  Gül,1970-01-01,Bursa,Rating,Büyük Oranda Doğruluk Payı Vardır,10,http://www.dogrulukpayi.com/web/assets/img/kadran/3.png?v3.1.03,6,0,http://www.dogrulukpayi.com/iddia-kontrolu/abdulhamit-gul/turkiye-de-yargiya-guven-onceleri-yuzde-60-70-lerdeyken-simdilerde
36,ClaimReview,Organization,/web/assets/img/header_logo_color.png,Doğruluk Payı,http://www.dogrulukpayi.com,2002’de AKP’den önce 15 bin taşeron çalışıyordu devlet kademelerinde. Bugün 661 bin olmuş.,2014-09-18,CreativeWork,Person,http://www.dogrulukpayi.com/image/actor/ismail-koncuk/orig.png,Türkiye Kamu Sen ve Türk Eğitim Sen Genel Başkanı,İsmail  Koncuk,1970-01-01,Ankara,Rating,Büyük Oranda Doğruluk Payı Vardır,10,http://www.dogrulukpayi.com/web/assets/img/kadran/3.png?v3.1.03,7,0,http://www.dogrulukpayi.com/iddia-kontrolu/ismail-koncuk/2002-de-akp-den-once-15-bin-taseron-calisiyordu-devlet
37,ClaimReview,Organization,/web/assets/img/header_logo_color.png,Doğruluk Payı,http://www.dogrulukpayi.com,İzmir vergide merkezî bütçeye 7 verip 1 alıyor.,2014-12-09,CreativeWork,Person,http://www.dogrulukpayi.com/image/actor/mustafa-moroglu/orig.png,İzmir Milletvekili,Mustafa  Moroğlu,1970-01-01,T.B.M.M.,Rating,Büyük Oranda Doğruluk Payı Yoktur,10,http://www.dogrulukpayi.com/web/assets/img/kadran/1.png?v3.1.03,3,0,http://www.dogrulukpayi.com/iddia-kontrolu/mustafa-moroglu/izmir-vergide-merkezi-butceye-7-verip-1-aliyor
38,ClaimReview,Organization,/web/assets/img/header_logo_color.png,Doğruluk Payı,http://www.dogrulukpayi.com,Türkiye iş cinayetlerine rekora koşuyor. Sadece Ağustos ayında 158 işçi hayatını yitirdi.,2014-09-07,CreativeWork,Person,http://www.dogrulukpayi.com/image/actor/gunay-kubilay/orig.png,Eş Genel Başkan Yardımcısı,Günay Kubilay ,1970-01-01,Yazılı Açıklama,Rating,Büyük Oranda Doğruluk Payı Vardır,10,http://www.dogrulukpayi.com/web/assets/img/kadran/3.png?v3.1.03,6,0,http://www.dogrulukpayi.com/iddia-kontrolu/gunay-kubilay/turkiye-is-cinayetlerine-rekora-kosuyor-sadece-agustos-ayinda-158-isci
39,ClaimReview,Organization,/web/assets/img/header_logo_color.png,Doğruluk Payı,http://www.dogrulukpayi.com,Dünyanın kız çocuklara en kötü davranan 6&#039;ncı ülkesiyiz.,2014-10-16,CreativeWork,Person,http://www.dogrulukpayi.com/image/actor/safak-pavey/orig.png,İstanbul Milletvekili,Şafak  Pavey,1970-01-01,TBMM,Rating,Büyük Oranda Doğruluk Payı Vardır,10,http://www.dogrulukpayi.com/web/assets/img/kadran/3.png?v3.1.03,6,0,http://www.dogrulukpayi.com/iddia-kontrolu/safak-pavey/dunyanin-kiz-cocuklara-en-kotu-davranan-6-nci-ulkesiyiz
40,ClaimReview,Organization,/web/assets/img/header_logo_color.png,Doğruluk Payı,http://www.dogrulukpayi.com,"son on iki yılda Türkiye‟nin  büyüme ortalaması, cumhuriyet kurulduğundan beri iktidarınıza gelene kadarki büyüme  ortalamasının altındadır.",2014-06-26,CreativeWork,Person,http://www.dogrulukpayi.com/image/actor/muslim-sari/orig.png,İstanbul Milletvekili,Müslim  Sarı,1970-01-01,TBMM Komisyon Toplantısı&#039;n,Rating,Kısmen Doğruluk Payı Vardır,10,http://www.dogrulukpayi.com/web/assets/img/kadran/2.png?v3.1.03,5,0,http://www.dogrulukpayi.com/iddia-kontrolu/muslim-sari/son-on-iki-yilda-turkiye-nin-buyume-ortalamasi-cumhuriyet-kuruldugundan
41,ClaimReview,Organization,/web/assets/img/header_logo_color.png,Doğruluk Payı,http://www.dogrulukpayi.com,"Erdoğan&#039;ın Gazze hassasiyeti lafta. Gazze&#039;ye yardım için düzenlenen uluslararası toplantıda 30 ülke var, Türkiye yok.",2014-10-15,CreativeWork,Person,http://www.dogrulukpayi.com/image/actor/mehmet-akif-hamzacebi/orig.png,İstanbul Milletvekili,Mehmet Akif   Hamzaçebi,1970-01-01,Twit,Rating,Doğruluk Payı Yoktur,10,http://www.dogrulukpayi.com/web/assets/img/kadran/0.png?v3.1.03,1,0,http://www.dogrulukpayi.com/iddia-kontrolu/mehmet-akif-hamzacebi/erdogan-in-gazze-hassasiyeti-lafta-gazze-ye-yardim-icin-duzenlenen
42,ClaimReview,Organization,/web/assets/img/header_logo_color.png,Doğruluk Payı,http://www.dogrulukpayi.com,"Aylık geliri 326 liradan az olan kişilerin sayısı 11,5 milyon",2014-09-09,CreativeWork,Person,http://www.dogrulukpayi.com/image/actor/muharrem-isik/orig.png,Erzincan Milletvekili,Muharrem  Işık,1970-01-01,Twit,Rating,Büyük Oranda Doğruluk Payı Vardır,10,http://www.dogrulukpayi.com/web/assets/img/kadran/3.png?v3.1.03,7,0,http://www.dogrulukpayi.com/iddia-kontrolu/muharrem-isik/aylik-geliri-326-liradan-az-olan-kisilerin-sayisi-11-5
43,ClaimReview,Organization,/web/assets/img/header_logo_color.png,Doğruluk Payı,http://www.dogrulukpayi.com,Avro kullanan ülkelerin yüzde 90-100 oranında kamu borçluluğu var.,2014-09-16,CreativeWork,Person,http://www.dogrulukpayi.com/image/actor/ali-babacan/orig.png,Başbakan Eski Yardımcısı,Ali  Babacan,1970-01-01,TRT Haber,Rating,Kısmen Doğruluk Payı Vardır,10,http://www.dogrulukpayi.com/web/assets/img/kadran/2.png?v3.1.03,4,0,http://www.dogrulukpayi.com/iddia-kontrolu/ali-babacan/avro-kullanan-ulkelerin-yuzde-90-100-oraninda-kamu-borclulugu-var
44,ClaimReview,Organization,/web/assets/img/header_logo_color.png,Doğruluk Payı,http://www.dogrulukpayi.com,"Sonuçları itibariyle, dün gece Meclis&#039;ten, Sayın Egemen Bağış&#039;ın Yüce Divan&#039;a sevk edilmemesi yönünde bir karar çıkmış değildir.",2015-01-21,CreativeWork,Person,http://www.dogrulukpayi.com/image/actor/mehmet-akif-hamzacebi/orig.png,İstanbul Milletvekili,Mehmet Akif   Hamzaçebi,1970-01-01,T.B.M.M.,Rating,Doğruluk Payı Yoktur,10,http://www.dogrulukpayi.com/web/assets/img/kadran/0.png?v3.1.03,1,0,http://www.dogrulukpayi.com/iddia-kontrolu/mehmet-akif-hamzacebi/sonuclari-itibariyle-dun-gece-meclis-ten-sayin-egemen-bagis-in
45,ClaimReview,Organization,/web/assets/img/header_logo_color.png,Doğruluk Payı,http://www.dogrulukpayi.com,On yıllardır ilk defa ihracatın ithalatı karşılama oranı yüzde 74 seviyesine geldi.,2014-05-29,CreativeWork,Person,http://www.dogrulukpayi.com/image/actor/nihat-zeybekci/orig.png,Ekonomi Bakanı,Nihat   Zeybekci,1970-01-01,İzmir,Rating,Doğruluk Payı Yoktur,10,http://www.dogrulukpayi.com/web/assets/img/kadran/0.png?v3.1.03,1,0,http://www.dogrulukpayi.com/iddia-kontrolu/nihat-zeybekci/on-yillardir-ilk-defa-ihracatin-ithalati-karsilama-orani-yuzde-74
46,ClaimReview,Organization,/web/assets/img/header_logo_color.png,Doğruluk Payı,http://www.dogrulukpayi.com,AK Parti iktidara gelmeden önce ataması yapılmamış öğretmen kalmayacağını vaad etti.,2014-12-24,CreativeWork,Person,http://www.dogrulukpayi.com/image/actor/fatma-nur-serter/orig.png,İstanbul Milletvekili,Fatma Nur  Serter,1970-01-01,T.B.M.M.,Rating,Büyük Oranda Doğruluk Payı Vardır,10,http://www.dogrulukpayi.com/web/assets/img/kadran/3.png?v3.1.03,7,0,http://www.dogrulukpayi.com/iddia-kontrolu/fatma-nur-serter/ak-parti-iktidara-gelmeden-once-atamasi-yapilmamis-ogretmen-kalmayacagini-vaad
47,ClaimReview,Organization,/web/assets/img/header_logo_color.png,Doğruluk Payı,http://www.dogrulukpayi.com,"CHP’nin Genel Müdürü televizyona çıkıyor, ne diyor? (Kürt sorunu için) 17 çözüm önerimiz var diyor, birinciyi söylüyor, ikinciye gelince unuttum diyor. Sonradan anlaşıldı ki, madde sayısı da 17 değil 19’muş, bunu da hatırlamıyor",2014-06-10,CreativeWork,Person,http://www.dogrulukpayi.com/image/actor/recep-tayyip-erdogan/orig.png,Cumhurbaşkanı,Recep Tayyip Erdoğan,1970-01-01,AK Parti Grup Toplantısı,Rating,Kısmen Doğruluk Payı Vardır,10,http://www.dogrulukpayi.com/web/assets/img/kadran/2.png?v3.1.03,5,0,http://www.dogrulukpayi.com/iddia-kontrolu/recep-tayyip-erdogan/chp-nin-genel-muduru-televizyona-cikiyor-ne-diyor-kurt-sorunu
48,ClaimReview,Organization,/web/assets/img/header_logo_color.png,Doğruluk Payı,http://www.dogrulukpayi.com,okuma yazma oranınımız neredeyse yüzde 100&#039;lere yaklaştı,2014-07-11,CreativeWork,Person,http://www.dogrulukpayi.com/image/actor/recep-tayyip-erdogan/orig.png,Cumhurbaşkanı,Recep Tayyip Erdoğan,1970-01-01,İstanbul,Rating,Büyük Oranda Doğruluk Payı Vardır,10,http://www.dogrulukpayi.com/web/assets/img/kadran/3.png?v3.1.03,7,0,http://www.dogrulukpayi.com/iddia-kontrolu/recep-tayyip-erdogan/okuma-yazma-oraninimiz-neredeyse-yuzde-100-lere-yaklasti
49,ClaimReview,Organization,/web/assets/img/header_logo_color.png,Doğruluk Payı,http://www.dogrulukpayi.com,"Nefret suçları en çok LGBT’lilere yönelik yapılıyor, son dönemde bu suç daha da arttı.",2014-11-20,CreativeWork,Person,http://www.dogrulukpayi.com/image/actor/mahmut-tanal/orig.png,İstanbul Milletvekili,Mahmut  Tanal,1970-01-01,T.B.M.M.,Rating,Doğruluk Payı Vardır,10,http://www.dogrulukpayi.com/web/assets/img/kadran/4.png?v3.1.03,9,0,http://www.dogrulukpayi.com/iddia-kontrolu/mahmut-tanal/nefret-suclari-en-cok-lgbt-lilere-yonelik-yapiliyor-son-donemde
50,ClaimReview,Organization,/web/assets/img/header_logo_color.png,Doğruluk Payı,http://www.dogrulukpayi.com,Türkiye’nin bütçe açığı OECD ortalamasının dörtte birinden azdır.,2014-12-10,CreativeWork,Person,http://www.dogrulukpayi.com/image/actor/mehmet-simsek/orig.png,Başbakan Yardımcısı,Mehmet  Şimşek,1970-01-01,T.B.M.M.,Rating,Doğruluk Payı Vardır,10,http://www.dogrulukpayi.com/web/assets/img/kadran/4.png?v3.1.03,10,0,http://www.dogrulukpayi.com/iddia-kontrolu/mehmet-simsek/turkiye-nin-butce-acigi-oecd-ortalamasinin-dortte-birinden-azdir
51,ClaimReview,Organization,/web/assets/img/header_logo_color.png,Doğruluk Payı,http://www.dogrulukpayi.com,"Türkiye’de 2003’ten 2014 tarihine kadar ithal tarım ürünlerine, ete ve tarım ürünlerine ödenen para 79 milyar dolar",2014-07-24,CreativeWork,Person,http://www.dogrulukpayi.com/image/actor/ensar-ogut/orig.png,Ardahan Milletvekili,Ensar  Öğüt,1970-01-01,TBMM Genel Kurulu,Rating,Büyük Oranda Doğruluk Payı Yoktur,10,http://www.dogrulukpayi.com/web/assets/img/kadran/1.png?v3.1.03,3,0,http://www.dogrulukpayi.com/iddia-kontrolu/ensar-ogut/turkiye-de-2003-ten-2014-tarihine-kadar-ithal-tarim-urunlerine
52,ClaimReview,Organization,/web/assets/img/header_logo_color.png,Doğruluk Payı,http://www.dogrulukpayi.com,"(OECD raporunda) Türkiye&#039;de rüşvet, yolsuzluk ve kara para aklamadan söz ediyor...İlk kez Türkiye bu kadar net bir uluslararası raporda yolsuzluk konusunda yer alıyor.",2014-11-18,CreativeWork,Person,http://www.dogrulukpayi.com/image/actor/kemal-kilicdaroglu/orig.png,Genel Başkanı,Kemal  Kılıçdaroğlu,1970-01-01,TBMM,Rating,Doğruluk Payı Vardır,10,http://www.dogrulukpayi.com/web/assets/img/kadran/4.png?v3.1.03,9,0,http://www.dogrulukpayi.com/iddia-kontrolu/kemal-kilicdaroglu/oecd-raporunda-turkiye-de-rusvet-yolsuzluk-ve-kara-para-aklamadan
53,ClaimReview,Organization,/web/assets/img/header_logo_color.png,Doğruluk Payı,http://www.dogrulukpayi.com,"Diyarbakır’a 12 yılda, 16 milyar lira yatırım yaptık",2015-01-25,CreativeWork,Person,http://www.dogrulukpayi.com/image/actor/ahmet-davutoglu/orig.png,Konya Milletvekili,Ahmet  Davutoğlu,1970-01-01,Diyarbakır,Rating,Doğruluk Payı Yoktur,10,http://www.dogrulukpayi.com/web/assets/img/kadran/0.png?v3.1.03,1,0,http://www.dogrulukpayi.com/iddia-kontrolu/ahmet-davutoglu/diyarbakir-a-12-yilda-16-milyar-lira-yatirim-yaptik
54,ClaimReview,Organization,/web/assets/img/header_logo_color.png,Doğruluk Payı,http://www.dogrulukpayi.com,"Türkiye’de 2009’dan bu yana 100 olan milli gelir nispet olarak 120’ye çıktı, aynı dönemde Avrupa’da 100’den 98’e geriledi, negatif büyüme var.",2014-12-10,CreativeWork,Person,http://www.dogrulukpayi.com/image/actor/ahmet-davutoglu/orig.png,Konya Milletvekili,Ahmet  Davutoğlu,1970-01-01,T.B.M.M.,Rating,Doğruluk Payı Yoktur,10,http://www.dogrulukpayi.com/web/assets/img/kadran/0.png?v3.1.03,1,0,http://www.dogrulukpayi.com/iddia-kontrolu/ahmet-davutoglu/turkiye-de-2009-dan-bu-yana-100-olan-milli-gelir
55,ClaimReview,Organization,/web/assets/img/header_logo_color.png,Doğruluk Payı,http://www.dogrulukpayi.com,2009 yılından beri İsrail’le en yüksek ticaret yaşandı.,2014-07-20,CreativeWork,Person,http://www.dogrulukpayi.com/image/actor/selahattin-demirtas/orig.png,Eş Genel Başkanı,Selahattin  Demirtaş,1970-01-01,Facebook hesabı,Rating,Doğruluk Payı Vardır,10,http://www.dogrulukpayi.com/web/assets/img/kadran/4.png?v3.1.03,10,0,http://www.dogrulukpayi.com/iddia-kontrolu/selahattin-demirtas/2009-yilindan-beri-israil-le-en-yuksek-ticaret-yasandi
56,ClaimReview,Organization,/web/assets/img/header_logo_color.png,Doğruluk Payı,http://www.dogrulukpayi.com,Eşcinseller kan verme konusunda risk grubundadır. AIDS virüsü eşcinsellerde yoğun olarak gözükür&quot;,2014-12-22,CreativeWork,Person,http://www.dogrulukpayi.com/image/actor/ahmet-lutfi-akar/orig.png,Türk Kızılayı Genel Başkanı,Ahmet Lütfi  Akar,1970-01-01,Beyaz TV,Rating,Doğruluk Payı Yoktur,10,http://www.dogrulukpayi.com/web/assets/img/kadran/0.png?v3.1.03,1,0,http://www.dogrulukpayi.com/iddia-kontrolu/ahmet-lutfi-akar/escinseller-kan-verme-konusunda-risk-grubundadir-aids-virusu-escinsellerde-yogun
57,ClaimReview,Organization,/web/assets/img/header_logo_color.png,Doğruluk Payı,http://www.dogrulukpayi.com,"2013 yılında, madde bağımlığına bağlı olarak bir yılda tam 325 kişi hayatını kaybetmiş ve bu 325 kişiden 5&#039;i 15 yaşın altında olan yaş grubunu içeriyor.",2014-08-13,CreativeWork,Person,http://www.dogrulukpayi.com/image/actor/idris-baluken/orig.png,Grup Başkanvekili,İdris   Baluken,1970-01-01,TBMM,Rating,Kısmen Doğruluk Payı Vardır,10,http://www.dogrulukpayi.com/web/assets/img/kadran/2.png?v3.1.03,5,0,http://www.dogrulukpayi.com/iddia-kontrolu/idris-baluken/2013-yilinda-madde-bagimligina-bagli-olarak-bir-yilda-tam-325
58,ClaimReview,Organization,/web/assets/img/header_logo_color.png,Doğruluk Payı,http://www.dogrulukpayi.com,"İstanbul, Şangay ve Bombay&#039;ın ardından &#039;en kirli kentler&#039;den biri...",2014-11-26,CreativeWork,Person,http://www.dogrulukpayi.com/image/actor/kemal-kilicdaroglu/orig.png,Genel Başkanı,Kemal  Kılıçdaroğlu,1970-01-01,İstanbul,Rating,Doğruluk Payı Yoktur,10,http://www.dogrulukpayi.com/web/assets/img/kadran/0.png?v3.1.03,1,0,http://www.dogrulukpayi.com/iddia-kontrolu/kemal-kilicdaroglu/istanbul-sangay-ve-bombay-in-ardindan-en-kirli-kentler-den
59,ClaimReview,Organization,/web/assets/img/header_logo_color.png,Doğruluk Payı,http://www.dogrulukpayi.com,2002 yılında 59 bin 429 olan toplam hükümlü ve tutuklu sayısı 2014&#039;de yüzde 300’e yakın arttı.,2014-10-23,CreativeWork,Person,http://www.dogrulukpayi.com/image/actor/mahmut-tanal/orig.png,İstanbul Milletvekili,Mahmut  Tanal,1970-01-01,Twit,Rating,Kısmen Doğruluk Payı Vardır,10,http://www.dogrulukpayi.com/web/assets/img/kadran/2.png?v3.1.03,5,0,http://www.dogrulukpayi.com/iddia-kontrolu/mahmut-tanal/2002-yilinda-59-bin-429-olan-toplam-hukumlu-ve-tutuklu
60,ClaimReview,Organization,/web/assets/img/header_logo_color.png,Doğruluk Payı,http://www.dogrulukpayi.com,İnternet üzerinden alışveriş oranı 1 senede yüzde 24’lerden yüzde 30.8’e yükseldi,2014-10-23,CreativeWork,Person,http://www.dogrulukpayi.com/image/actor/nurettin-canikli/orig.png,Başbakan Yardımcısı,Nurettin  Canikli,1970-01-01,TBMM,Rating,Doğruluk Payı Vardır,10,http://www.dogrulukpayi.com/web/assets/img/kadran/4.png?v3.1.03,10,0,http://www.dogrulukpayi.com/iddia-kontrolu/nurettin-canikli/internet-uzerinden-alisveris-orani-1-senede-yuzde-24-lerden-yuzde
61,ClaimReview,Organization,/web/assets/img/header_logo_color.png,Doğruluk Payı,http://www.dogrulukpayi.com,Daha önce 11-12 milyon civarında turist gelirken AK Parti&#039;nin ülkeyi marka haline getirmesinin neticesinde bunu 36 milyona ulaştırdık.,2014-06-27,CreativeWork,Person,http://www.dogrulukpayi.com/image/actor/emrullah-isler/orig.png,Ankara Milletvekili,Emrullah   İşler,1970-01-01,Amasya,Rating,Büyük Oranda Doğruluk Payı Vardır,10,http://www.dogrulukpayi.com/web/assets/img/kadran/3.png?v3.1.03,7,0,http://www.dogrulukpayi.com/iddia-kontrolu/emrullah-isler/daha-once-11-12-milyon-civarinda-turist-gelirken-ak-parti
62,ClaimReview,Organization,/web/assets/img/header_logo_color.png,Doğruluk Payı,http://www.dogrulukpayi.com,...şu ana kadar yaptığımız derslik sayısı neredeyse 250 bine ulaşıyor.,2014-07-08,CreativeWork,Person,http://www.dogrulukpayi.com/image/actor/recep-tayyip-erdogan/orig.png,Cumhurbaşkanı,Recep Tayyip Erdoğan,1970-01-01,Denizli,Rating,Büyük Oranda Doğruluk Payı Yoktur,10,http://www.dogrulukpayi.com/web/assets/img/kadran/1.png?v3.1.03,3,0,http://www.dogrulukpayi.com/iddia-kontrolu/recep-tayyip-erdogan/su-ana-kadar-yaptigimiz-derslik-sayisi-neredeyse-250-bine-ulasiyor
63,ClaimReview,Organization,/web/assets/img/header_logo_color.png,Doğruluk Payı,http://www.dogrulukpayi.com,"(FATİH projesi hakkında)10 milyon, 15 milyon tablet dağıtacağız.&quot; diye yola çıkanlar 40 bin tablet dağıttılar",2014-06-24,CreativeWork,Person,http://www.dogrulukpayi.com/image/actor/erdal-aksunger/orig.png,İzmir Milletvekili,Erdal  Aksünger,1970-01-01,TBMM Genel Kurulu,Rating,Büyük Oranda Doğruluk Payı Vardır,10,http://www.dogrulukpayi.com/web/assets/img/kadran/3.png?v3.1.03,7,0,http://www.dogrulukpayi.com/iddia-kontrolu/erdal-aksunger/fatih-projesi-hakkinda-10-milyon-15-milyon-tablet-dagitacagiz-diye
64,ClaimReview,Organization,/web/assets/img/header_logo_color.png,Doğruluk Payı,http://www.dogrulukpayi.com,"Türkiye&#039;nin AB pazarına olan bağımlılığının 2008&#039;den sonra düşmesi, komşu ülkelere yaptığımız açılımlarla kapandı. Yüzde 8&#039;den yüzde 32&#039;lere çıktı komşu ülkelere ihracatımız.",2014-12-03,CreativeWork,Person,http://www.dogrulukpayi.com/image/actor/ahmet-davutoglu/orig.png,Konya Milletvekili,Ahmet  Davutoğlu,1970-01-01,Bursa,Rating,Kısmen Doğruluk Payı Vardır,10,http://www.dogrulukpayi.com/web/assets/img/kadran/2.png?v3.1.03,4,0,http://www.dogrulukpayi.com/iddia-kontrolu/ahmet-davutoglu/turkiye-nin-ab-pazarina-olan-bagimliliginin-2008-den-sonra-dusmesi
65,ClaimReview,Organization,/web/assets/img/header_logo_color.png,Doğruluk Payı,http://www.dogrulukpayi.com, ilkokulu bitirenlerin yüzde 80’ni orta kısma geçtiği hâlde 9 ve 10’uncu sınıfta okul terkleri hızlanıyor. Devam etmeyen öğrenci sayısı 175 bini bulmuştur.,2014-06-25,CreativeWork,Person,http://www.dogrulukpayi.com/image/actor/kadir-gokmen-ogut/orig.png,İstanbul Milletvekili,Kadir Gökmen  Öğüt,1970-01-01,TBMM Genel Kurulu,Rating,Büyük Oranda Doğruluk Payı Vardır,10,http://www.dogrulukpayi.com/web/assets/img/kadran/3.png?v3.1.03,7,0,http://www.dogrulukpayi.com/iddia-kontrolu/kadir-gokmen-ogut/ilkokulu-bitirenlerin-yuzde-80-ni-orta-kisma-gectigi-halde-9
66,ClaimReview,Organization,/web/assets/img/header_logo_color.png,Doğruluk Payı,http://www.dogrulukpayi.com,Dış ticaret açığımızın iyileşmesi onlarca yılın zirvesine ulaştı.,2014-08-16,CreativeWork,Person,http://www.dogrulukpayi.com/image/actor/nihat-zeybekci/orig.png,Ekonomi Bakanı,Nihat   Zeybekci,1970-01-01,Aydın,Rating,Büyük Oranda Doğruluk Payı Yoktur,10,http://www.dogrulukpayi.com/web/assets/img/kadran/1.png?v3.1.03,3,0,http://www.dogrulukpayi.com/iddia-kontrolu/nihat-zeybekci/dis-ticaret-acigimizin-iyilesmesi-onlarca-yilin-zirvesine-ulasti
67,ClaimReview,Organization,/web/assets/img/header_logo_color.png,Doğruluk Payı,http://www.dogrulukpayi.com,"Makedonya&#039;yı, anayasal ismiyle tanıyan tek ülke biziz.",2014-09-17,CreativeWork,Person,http://www.dogrulukpayi.com/image/actor/ahmet-davutoglu/orig.png,Konya Milletvekili,Ahmet  Davutoğlu,1970-01-01,Başbakanlık Merkez Binası,Rating,Doğruluk Payı Yoktur,10,http://www.dogrulukpayi.com/web/assets/img/kadran/0.png?v3.1.03,1,0,http://www.dogrulukpayi.com/iddia-kontrolu/ahmet-davutoglu/makedonya-yi-anayasal-ismiyle-taniyan-tek-ulke-biziz
68,ClaimReview,Organization,/web/assets/img/header_logo_color.png,Doğruluk Payı,http://www.dogrulukpayi.com,(2014 ilk çeyrek için açıklanan milli gelir hakkında) Yüzde 7 reel olarak dolar bazında düştü.,2014-07-03,CreativeWork,Person,http://www.dogrulukpayi.com/image/actor/emin-haluk-ayhan/orig.png,Denizli Milletvekili,Emin Haluk  Ayhan,1970-01-01,TBMM Genel Kurulu,Rating,Kısmen Doğruluk Payı Vardır,10,http://www.dogrulukpayi.com/web/assets/img/kadran/2.png?v3.1.03,5,0,http://www.dogrulukpayi.com/iddia-kontrolu/emin-haluk-ayhan/2014-ilk-ceyrek-icin-aciklanan-milli-gelir-hakkinda-yuzde-7
69,ClaimReview,Organization,/web/assets/img/header_logo_color.png,Doğruluk Payı,http://www.dogrulukpayi.com,&#039;‘Öğretmen açığı AK Parti iktidarı tarafından aşama aşama 350 bine getirildi.’&#039;,2014-08-06,CreativeWork,Person,http://www.dogrulukpayi.com/image/actor/namik-havutca/orig.png,Balıkesir Milletvekili,Namık  Havutça,1970-01-01,TBMM Genel Kurulu,Rating,Büyük Oranda Doğruluk Payı Yoktur,10,http://www.dogrulukpayi.com/web/assets/img/kadran/1.png?v3.1.03,3,0,http://www.dogrulukpayi.com/iddia-kontrolu/namik-havutca/ogretmen-acigi-ak-parti-iktidari-tarafindan-asama-asama-350-bine
70,ClaimReview,Organization,/web/assets/img/header_logo_color.png,Doğruluk Payı,http://www.dogrulukpayi.com,"Türkiye’de uyuşturucu kullanım oranı yüzde 2,7’dir.",2014-11-28,CreativeWork,Person,http://www.dogrulukpayi.com/image/actor/ahmet-davutoglu/orig.png,Konya Milletvekili,Ahmet  Davutoğlu,1970-01-01,Ankara,Rating,Kısmen Doğruluk Payı Vardır,10,http://www.dogrulukpayi.com/web/assets/img/kadran/2.png?v3.1.03,5,0,http://www.dogrulukpayi.com/iddia-kontrolu/ahmet-davutoglu/turkiye-de-uyusturucu-kullanim-orani-yuzde-2-7-dir
71,ClaimReview,Organization,/web/assets/img/header_logo_color.png,Doğruluk Payı,http://www.dogrulukpayi.com,Sendika ve sivil toplum örgütlerinin verilerine göre son 10 yılda en az 12 bin işçi yaşamını yitirdi.,2014-08-21,CreativeWork,Person,http://www.dogrulukpayi.com/image/actor/gursel-tekin/orig.png,İstanbul Milletvekili,Gürsel  Tekin,1970-01-01,Ankara,Rating,Doğruluk Payı Vardır,10,http://www.dogrulukpayi.com/web/assets/img/kadran/4.png?v3.1.03,10,0,http://www.dogrulukpayi.com/iddia-kontrolu/gursel-tekin/sendika-ve-sivil-toplum-orgutlerinin-verilerine-gore-son-10-yilda
72,ClaimReview,Organization,/web/assets/img/header_logo_color.png,Doğruluk Payı,http://www.dogrulukpayi.com,Geçen yıl Türkiye halkının da desteğiyle Somali&#039;ye 400 milyon dolar yardım ettik.,2014-12-28,CreativeWork,Person,http://www.dogrulukpayi.com/image/actor/nihat-zeybekci/orig.png,Ekonomi Bakanı,Nihat   Zeybekci,1970-01-01,AK Parti Karabağlar İlçe Kongresi,Rating,Büyük Oranda Doğruluk Payı Yoktur,10,http://www.dogrulukpayi.com/web/assets/img/kadran/1.png?v3.1.03,3,0,http://www.dogrulukpayi.com/iddia-kontrolu/nihat-zeybekci/gecen-yil-turkiye-halkinin-da-destegiyle-somali-ye-400-milyon
73,ClaimReview,Organization,/web/assets/img/header_logo_color.png,Doğruluk Payı,http://www.dogrulukpayi.com,"...ülkemiz on iki yıllık AKP döneminde, net 164 bin 222 dekar ormanını kaybetmiştir.",2014-06-13,CreativeWork,Person,http://www.dogrulukpayi.com/image/actor/mustafa-serdar-soydan/orig.png,Çanakkale Milletvekili,Mustafa Serdar  Soydan,1970-01-01,TBMM Genel Kurulu,Rating,Kısmen Doğruluk Payı Vardır,10,http://www.dogrulukpayi.com/web/assets/img/kadran/2.png?v3.1.03,5,0,http://www.dogrulukpayi.com/iddia-kontrolu/mustafa-serdar-soydan/ulkemiz-on-iki-yillik-akp-doneminde-net-164-bin-222
74,ClaimReview,Organization,/web/assets/img/header_logo_color.png,Doğruluk Payı,http://www.dogrulukpayi.com,Türkiye’de çocuk işçi sayısı 1 milyona ulaşmıştır,2014-09-08,CreativeWork,Person,http://www.dogrulukpayi.com/image/actor/alaattin-yuksel/orig.png,İzmir Milletvekili,Alaattin  Yüksel,1970-01-01,TBMM,Rating,Kısmen Doğruluk Payı Vardır,10,http://www.dogrulukpayi.com/web/assets/img/kadran/2.png?v3.1.03,5,0,http://www.dogrulukpayi.com/iddia-kontrolu/alaattin-yuksel/turkiye-de-cocuk-isci-sayisi-1-milyona-ulasmistir
75,ClaimReview,Organization,/web/assets/img/header_logo_color.png,Doğruluk Payı,http://www.dogrulukpayi.com,"AR-GE personeli sayısı 2002 yılında 29 bin iken 2012 yılında 105 bine ulaştı. 2002 yılında özel sektör tarafından istihdam edilen AR-GE personelinin oranı yüzde 20 iken 2012 yılında yüzde 49,7&#039;ye çıktı.",2014-07-02,CreativeWork,Person,http://www.dogrulukpayi.com/image/actor/abdullah-nejat-kocer/orig.png,Gaziantep Milletvekili,Abdullah Nejat  Koçer,1970-01-01,TBMM Genel Kurulu,Rating,Doğruluk Payı Vardır,10,http://www.dogrulukpayi.com/web/assets/img/kadran/4.png?v3.1.03,8,0,http://www.dogrulukpayi.com/iddia-kontrolu/abdullah-nejat-kocer/ar-ge-personeli-sayisi-2002-yilinda-29-bin-iken-2012
76,ClaimReview,Organization,/web/assets/img/header_logo_color.png,Doğruluk Payı,http://www.dogrulukpayi.com,Sera gazının azaltımında pek çok ülkeden daha başarılı konumdayız.,2014-12-06,CreativeWork,Person,http://www.dogrulukpayi.com/image/actor/idris-gulluce/orig.png,T.C. Çevre ve Şehircilik Bakanı,İdris  Güllüce,1970-01-01,Twit,Rating,Doğruluk Payı Yoktur,10,http://www.dogrulukpayi.com/web/assets/img/kadran/0.png?v3.1.03,1,0,http://www.dogrulukpayi.com/iddia-kontrolu/idris-gulluce/sera-gazinin-azaltiminda-pek-cok-ulkeden-daha-basarili-konumdayiz
77,ClaimReview,Organization,/web/assets/img/header_logo_color.png,Doğruluk Payı,http://www.dogrulukpayi.com,Cezaevlerinde 500’e yakın hasta tutsak var,2015-01-08,CreativeWork,Person,http://www.dogrulukpayi.com/image/actor/pervin-buldan/orig.png,Iğdır Milletvekili,Pervin  Buldan,1970-01-01,T.B.M.M.,Rating,Büyük Oranda Doğruluk Payı Vardır,10,http://www.dogrulukpayi.com/web/assets/img/kadran/3.png?v3.1.03,7,0,http://www.dogrulukpayi.com/iddia-kontrolu/pervin-buldan/cezaevlerinde-500-e-yakin-hasta-tutsak-var
78,ClaimReview,Organization,/web/assets/img/header_logo_color.png,Doğruluk Payı,http://www.dogrulukpayi.com,BM&#039;de temsil edilmeyen bir gücün Türkiye&#039;den geçmesine izin verilerek Türkiye anayasal bir suç işlemektedir.,2014-10-21,CreativeWork,Person,http://www.dogrulukpayi.com/image/actor/sinan-ogan/orig.png,Iğdır Milletvekili,Sinan  Oğan,1970-01-01,Twit,Rating,Doğruluk Payı Yoktur,10,http://www.dogrulukpayi.com/web/assets/img/kadran/0.png?v3.1.03,1,0,http://www.dogrulukpayi.com/iddia-kontrolu/sinan-ogan/bm-de-temsil-edilmeyen-bir-gucun-turkiye-den-gecmesine-izin
79,ClaimReview,Organization,/web/assets/img/header_logo_color.png,Doğruluk Payı,http://www.dogrulukpayi.com,AR-GE yatırımlarına yönelik teşvikler ya da oraya yatırılan payın da sadece ve sadece savunma sanayisinin gelişimine yapılmış yatırımdır,2014-07-03,CreativeWork,Person,http://www.dogrulukpayi.com/image/actor/adil-zozani/orig.png,Hakkari Milletvekili,Adil  Zozani,1970-01-01,TBMM Genel Kurulu,Rating,Kısmen Doğruluk Payı Vardır,10,http://www.dogrulukpayi.com/web/assets/img/kadran/2.png?v3.1.03,4,0,http://www.dogrulukpayi.com/iddia-kontrolu/adil-zozani/ar-ge-yatirimlarina-yonelik-tesvikler-ya-da-oraya-yatirilan-payin
80,ClaimReview,Organization,/web/assets/img/header_logo_color.png,Doğruluk Payı,http://www.dogrulukpayi.com,"Dünyada gıda, emtia ve petrol fiyatları hızla düşerken; Türkiye’de son bir yıl içinde özellikle temel gıda maddelerinin yüzde 109 zamlanması tam bir garabettir.",2014-11-11,CreativeWork,Person,http://www.dogrulukpayi.com/image/actor/devlet-bahceli/orig.png,Genel Başkanı,Devlet  Bahçeli,1970-01-01,TBMM,Rating,Kısmen Doğruluk Payı Vardır,10,http://www.dogrulukpayi.com/web/assets/img/kadran/2.png?v3.1.03,5,0,http://www.dogrulukpayi.com/iddia-kontrolu/devlet-bahceli/dunyada-gida-emtia-ve-petrol-fiyatlari-hizla-duserken-turkiye-de
81,ClaimReview,Organization,/web/assets/img/header_logo_color.png,Doğruluk Payı,http://www.dogrulukpayi.com,"... cinsel suçlar kapsamında dosya sayısı 2002 yılında 8.146 iken 2011’de 32.991’e çıkmış, 2012 yılında çocuğun cinsel istismar sayısı ise 33.993.",2014-06-11,CreativeWork,Person,http://www.dogrulukpayi.com/image/actor/hulya-guven/orig.png,İzmir Milletvekili,Hülya  Güven,1970-01-01,TBMM Genel Kurulu,Rating,Kısmen Doğruluk Payı Vardır,10,http://www.dogrulukpayi.com/web/assets/img/kadran/2.png?v3.1.03,5,0,http://www.dogrulukpayi.com/iddia-kontrolu/hulya-guven/cinsel-suclar-kapsaminda-dosya-sayisi-2002-yilinda-8-146-iken
82,ClaimReview,Organization,/web/assets/img/header_logo_color.png,Doğruluk Payı,http://www.dogrulukpayi.com,"2014 yılı durgunluğun, enflasyonun, işsizliğin ve borçların tırmandığı bir yıl olarak...",2014-11-05,CreativeWork,Person,http://www.dogrulukpayi.com/image/actor/ahmet-kenan-tanrikulu/orig.png,İzmir Milletvekili,Ahmet Kenan  Tanrıkulu,1970-01-01,Yazılı Tutanakta,Rating,Kısmen Doğruluk Payı Vardır,10,http://www.dogrulukpayi.com/web/assets/img/kadran/2.png?v3.1.03,5,0,http://www.dogrulukpayi.com/iddia-kontrolu/ahmet-kenan-tanrikulu/2014-yili-durgunlugun-enflasyonun-issizligin-ve-borclarin-tirmandigi-bir-yil
83,ClaimReview,Organization,/web/assets/img/header_logo_color.png,Doğruluk Payı,http://www.dogrulukpayi.com,Uyuşturucu kullanım yaşı 11’in altına düştü. Son 9 yılda tedaviye başvuranlar 19 kat arttı,2014-08-21,CreativeWork,Person,http://www.dogrulukpayi.com/image/actor/idris-bal/orig.png,Bağımsız Kütahya Milletvekili,İdris  Bal,1970-01-01,Twitter hesabın,Rating,Doğruluk Payı Vardır,10,http://www.dogrulukpayi.com/web/assets/img/kadran/4.png?v3.1.03,10,0,http://www.dogrulukpayi.com/iddia-kontrolu/idris-bal/uyusturucu-kullanim-yasi-11-in-altina-dustu-son-9-yilda
84,ClaimReview,Organization,/web/assets/img/header_logo_color.png,Doğruluk Payı,http://www.dogrulukpayi.com,Kalkınma yardımlarında da İngiltere ve ABD’den sonra 3’ü duruma geldik.,2014-10-02,CreativeWork,Person,http://www.dogrulukpayi.com/image/actor/cevdet-yilmaz/orig.png,Bingöl Milletvekili,Cevdet  Yılmaz,1970-01-01,Ankara,Rating,Büyük Oranda Doğruluk Payı Yoktur,10,http://www.dogrulukpayi.com/web/assets/img/kadran/1.png?v3.1.03,2,0,http://www.dogrulukpayi.com/iddia-kontrolu/cevdet-yilmaz/kalkinma-yardimlarinda-da-ingiltere-ve-abd-den-sonra-3-u
85,ClaimReview,Organization,/web/assets/img/header_logo_color.png,Doğruluk Payı,http://www.dogrulukpayi.com,AİHM’e başvuru sayısı açısından Türkiye 2.likten 4.lüğe gerilemiştir,2014-09-01,CreativeWork,Person,http://www.dogrulukpayi.com/image/actor/ahmet-davutoglu/orig.png,Konya Milletvekili,Ahmet  Davutoğlu,1970-01-01,TBMM,Rating,Büyük Oranda Doğruluk Payı Yoktur,10,http://www.dogrulukpayi.com/web/assets/img/kadran/1.png?v3.1.03,3,0,http://www.dogrulukpayi.com/iddia-kontrolu/ahmet-davutoglu/aihm-e-basvuru-sayisi-acisindan-turkiye-2-likten-4-luge
86,ClaimReview,Organization,/web/assets/img/header_logo_color.png,Doğruluk Payı,http://www.dogrulukpayi.com,Türkiye AB ülkeleri arasında konut ve sanayi doğalgaz fiyatında en ucuz ülke,2014-09-30,CreativeWork,Person,http://www.dogrulukpayi.com/image/actor/mehmet-simsek/orig.png,Başbakan Yardımcısı,Mehmet  Şimşek,1970-01-01,Twitter Hesabı,Rating,Doğruluk Payı Yoktur,10,http://www.dogrulukpayi.com/web/assets/img/kadran/0.png?v3.1.03,1,0,http://www.dogrulukpayi.com/iddia-kontrolu/mehmet-simsek/turkiye-ab-ulkeleri-arasinda-konut-ve-sanayi-dogalgaz-fiyatinda-en
87,ClaimReview,Organization,/web/assets/img/header_logo_color.png,Doğruluk Payı,http://www.dogrulukpayi.com,Özel şirketlerin borcu 10 kat artmış.,2014-09-03,CreativeWork,Person,http://www.dogrulukpayi.com/image/actor/abdurrahim-karsli/orig.png,Merkez Parti Genel Başkanı,Abdurrahim  Karslı,1970-01-01,Ankara,Rating,Doğruluk Payı Yoktur,10,http://www.dogrulukpayi.com/web/assets/img/kadran/0.png?v3.1.03,1,0,http://www.dogrulukpayi.com/iddia-kontrolu/abdurrahim-karsli/ozel-sirketlerin-borcu-10-kat-artmis
88,ClaimReview,Organization,/web/assets/img/header_logo_color.png,Doğruluk Payı,http://www.dogrulukpayi.com,ABD’de 1 ayda 500 bin kişi iş kaybetti krizde. Türkiye’de istihdamımızda en ufak bir azalma olmadı.,2014-11-09,CreativeWork,Person,http://www.dogrulukpayi.com/image/actor/volkan-bozkir/orig.png,İstanbul Milletvekili,Volkan  Bozkır,1970-01-01,Burdur,Rating,Büyük Oranda Doğruluk Payı Yoktur,10,http://www.dogrulukpayi.com/web/assets/img/kadran/1.png?v3.1.03,3,0,http://www.dogrulukpayi.com/iddia-kontrolu/volkan-bozkir/abd-de-1-ayda-500-bin-kisi-is-kaybetti-krizde
89,ClaimReview,Organization,/web/assets/img/header_logo_color.png,Doğruluk Payı,http://www.dogrulukpayi.com,"2013 yılında faaliyetlerini zararla kapatan şirket sayısı 2012&#039;ye göre yüzde 100 artmış, 73 firmadan 129&#039;a çıkmış.",2014-06-28,CreativeWork,Person,http://www.dogrulukpayi.com/image/actor/mehmet-gunal/orig.png,Antalya Milletvekili,Mehmet  Günal,1970-01-01,TBMM Komisyon Toplantısı&#039;n,Rating,Doğruluk Payı Vardır,10,http://www.dogrulukpayi.com/web/assets/img/kadran/4.png?v3.1.03,9,0,http://www.dogrulukpayi.com/iddia-kontrolu/mehmet-gunal/2013-yilinda-faaliyetlerini-zararla-kapatan-sirket-sayisi-2012-ye-gore
90,ClaimReview,Organization,/web/assets/img/header_logo_color.png,Doğruluk Payı,http://www.dogrulukpayi.com,AB ülkelerinden ithalat toplamda yüzde 1 artarken; bizim AB’ye olan ihracatımız yüzde 11’ler seviyesinde arttı.,2015-01-10,CreativeWork,Person,http://www.dogrulukpayi.com/image/actor/nihat-zeybekci/orig.png,Ekonomi Bakanı,Nihat   Zeybekci,1970-01-01,Yeni Akit Makalesi,Rating,Doğruluk Payı Yoktur,10,http://www.dogrulukpayi.com/web/assets/img/kadran/0.png?v3.1.03,1,0,http://www.dogrulukpayi.com/iddia-kontrolu/nihat-zeybekci/ab-ulkelerinden-ithalat-toplamda-yuzde-1-artarken-bizim-ab-ye
91,ClaimReview,Organization,/web/assets/img/header_logo_color.png,Doğruluk Payı,http://www.dogrulukpayi.com,"62. hükümet programında köylüler, çiftçilerle ilgili vaatleri göremedik",2014-09-03,CreativeWork,Person,http://www.dogrulukpayi.com/image/actor/ilhan-demiroz/orig.png,Bursa Milletvekili,İlhan  Demiröz,1970-01-01,TBMM,Rating,Kısmen Doğruluk Payı Vardır,10,http://www.dogrulukpayi.com/web/assets/img/kadran/2.png?v3.1.03,5,0,http://www.dogrulukpayi.com/iddia-kontrolu/ilhan-demiroz/62-hukumet-programinda-koyluler-ciftcilerle-ilgili-vaatleri-goremedik
92,ClaimReview,Organization,/web/assets/img/header_logo_color.png,Doğruluk Payı,http://www.dogrulukpayi.com,"Dünyanın ilk 10 ekonomisi arasına girme hedefi olan Türkiye, 17.likten 18.sıraya düşmüştür",2014-09-11,CreativeWork,Person,http://www.dogrulukpayi.com/image/actor/hasip-kaplan/orig.png,Şırnak Milletvekili,Hasip  Kaplan,1970-01-01,TBMM,Rating,Büyük Oranda Doğruluk Payı Vardır,10,http://www.dogrulukpayi.com/web/assets/img/kadran/3.png?v3.1.03,7,0,http://www.dogrulukpayi.com/iddia-kontrolu/hasip-kaplan/dunyanin-ilk-10-ekonomisi-arasina-girme-hedefi-olan-turkiye-17
93,ClaimReview,Organization,/web/assets/img/header_logo_color.png,Doğruluk Payı,http://www.dogrulukpayi.com,Türkiye&#039;ye gelen turistlere daha rahat vize alabilmelerini ve gezmelerine fırsat vermek düşüncesiyle &#039;e-vize&#039; çalışmasına başladık. Bunun dünyada da bir örneği yok.,2014-08-20,CreativeWork,Person,http://www.dogrulukpayi.com/image/actor/ali-naci-koru/orig.png,BM Cenevre Ofisi Türkiye Daimi Temsilcisi,Ali Naci  Koru,1970-01-01,Ankara,Rating,Doğruluk Payı Yoktur,10,http://www.dogrulukpayi.com/web/assets/img/kadran/0.png?v3.1.03,1,0,http://www.dogrulukpayi.com/iddia-kontrolu/ali-naci-koru/turkiye-ye-gelen-turistlere-daha-rahat-vize-alabilmelerini-ve-gezmelerine
94,ClaimReview,Organization,/web/assets/img/header_logo_color.png,Doğruluk Payı,http://www.dogrulukpayi.com,"Türkiye’nin gayrisafi milli hasılaya, eski ifadeyle milli gelire borç oranı biz geldiğimizde yüzde 73’tü. Şimdi ne biliyor musunuz? Yüzde 35.",2014-07-08,CreativeWork,Person,http://www.dogrulukpayi.com/image/actor/recep-tayyip-erdogan/orig.png,Cumhurbaşkanı,Recep Tayyip Erdoğan,1970-01-01,Denizli,Rating,Kısmen Doğruluk Payı Vardır,10,http://www.dogrulukpayi.com/web/assets/img/kadran/2.png?v3.1.03,5,0,http://www.dogrulukpayi.com/iddia-kontrolu/recep-tayyip-erdogan/turkiye-nin-gayrisafi-milli-hasilaya-eski-ifadeyle-milli-gelire-borc
95,ClaimReview,Organization,/web/assets/img/header_logo_color.png,Doğruluk Payı,http://www.dogrulukpayi.com,Asgari ücret 8 Avrupa Birliği ülkesinden fazla...,2014-12-30,CreativeWork,Person,http://www.dogrulukpayi.com/image/actor/faruk-celik/orig.png,Şanlıurfa Milletvekili,Faruk  Çelik,1970-01-01,T.B.M.M.,Rating,Doğruluk Payı Vardır,10,http://www.dogrulukpayi.com/web/assets/img/kadran/4.png?v3.1.03,9,0,http://www.dogrulukpayi.com/iddia-kontrolu/faruk-celik/asgari-ucret-8-avrupa-birligi-ulkesinden-fazla
96,ClaimReview,Organization,/web/assets/img/header_logo_color.png,Doğruluk Payı,http://www.dogrulukpayi.com,"Türkiye Cumhuriyeti Devleti 90&#039;lı  yıllarda gayrisafi milli hasılasını arttıramadı, yerinde saydı, geriledi.",2014-11-04,CreativeWork,Person,http://www.dogrulukpayi.com/image/actor/ahmet-davutoglu/orig.png,Konya Milletvekili,Ahmet  Davutoğlu,1970-01-01,TBMM,Rating,Doğruluk Payı Yoktur,10,http://www.dogrulukpayi.com/web/assets/img/kadran/0.png?v3.1.03,1,0,http://www.dogrulukpayi.com/iddia-kontrolu/ahmet-davutoglu/turkiye-cumhuriyeti-devleti-90-li-yillarda-gayrisafi-milli-hasilasini-arttiramadi
97,ClaimReview,Organization,/web/assets/img/header_logo_color.png,Doğruluk Payı,http://www.dogrulukpayi.com,"Suriye’den gelen 247 bin kişi kampta, 500 bin civarında kişi de yurt içine dağılmış vaziyette",2014-06-19,CreativeWork,Person,http://www.dogrulukpayi.com/image/actor/tunca-toskay/orig.png,Antalya Milletvekili,Tunca   Toskay,1970-01-01,TBMM Genel Kurulu,Rating,Büyük Oranda Doğruluk Payı Vardır,10,http://www.dogrulukpayi.com/web/assets/img/kadran/3.png?v3.1.03,7,0,http://www.dogrulukpayi.com/iddia-kontrolu/tunca-toskay/suriye-den-gelen-247-bin-kisi-kampta-500-bin-civarinda
98,ClaimReview,Organization,/web/assets/img/header_logo_color.png,Doğruluk Payı,http://www.dogrulukpayi.com,"Bu dönemde Türkiye’nin Avrupa’ya yüzde 57 olan ihracatı yüzde 37’ye düştü, etrafındaki ülkelerle ihracatı yüzden 8’den yüzde 33’e yükseldi",2014-11-17,CreativeWork,Person,http://www.dogrulukpayi.com/image/actor/ahmet-davutoglu/orig.png,Konya Milletvekili,Ahmet  Davutoğlu,1970-01-01,Filipinler,Rating,Büyük Oranda Doğruluk Payı Vardır,10,http://www.dogrulukpayi.com/web/assets/img/kadran/3.png?v3.1.03,7,0,http://www.dogrulukpayi.com/iddia-kontrolu/ahmet-davutoglu/bu-donemde-turkiye-nin-avrupa-ya-yuzde-57-olan-ihracati
99,ClaimReview,Organization,/web/assets/img/header_logo_color.png,Doğruluk Payı,http://www.dogrulukpayi.com,"(Ekonomik büyüklük açısından)...zaten eskiden beri ilk 20’deydik ama 84’te ilk 20’nin 13’üncü, 14’üncü sıralarındaydık, şimdi 17’nci sırasındayız.",2014-12-10,CreativeWork,Person,http://www.dogrulukpayi.com/image/actor/kemal-kilicdaroglu/orig.png,Genel Başkanı,Kemal  Kılıçdaroğlu,1970-01-01,T.B.M.M.,Rating,Kısmen Doğruluk Payı Vardır,10,http://www.dogrulukpayi.com/web/assets/img/kadran/2.png?v3.1.03,5,0,http://www.dogrulukpayi.com/iddia-kontrolu/kemal-kilicdaroglu/ekonomik-buyukluk-acisindan-zaten-eskiden-beri-ilk-20-deydik-ama
