,author.properties.image,author.properties.name,author.properties.url,author.type,claimReviewed,datePublished,itemReviewed.properties.author.properties.jobTitle,itemReviewed.properties.author.properties.name,itemReviewed.properties.author.properties.sameAs,itemReviewed.properties.author.type,itemReviewed.properties.datePublished,itemReviewed.properties.image,itemReviewed.properties.name,itemReviewed.type,reviewRating.properties.alternateName,reviewRating.properties.bestRating,reviewRating.properties.image,reviewRating.properties.ratingValue,reviewRating.properties.worstRating,reviewRating.type,sameAs,url
0,https://cdn.factcheck.org/UploadedFiles/2013/04/TransparentWebLogo.png,FactCheck.org,https://www.factcheck.org/,http://schema.org/Organization,Claims President Trump “wants to eliminate overtime pay for people.”,,Democratic National Committee chairman,Tom Perez,,http://schema.org/Person,02/26/2017,https://www.factcheck.org/UploadedFiles/2017/02/perez.png,NBC’s “Meet the Press”,http://schema.org/CreativeWork,,10,https://s3.amazonaws.com/share-the-facts/rating_images/factcheck.org/distorts.png,8,,http://schema.org/Rating,,https://www.factcheck.org/2017/02/dnc-chair-on-trump-and-overtime-pay/
1,https://cdn.factcheck.org/UploadedFiles/2013/04/TransparentWebLogo.png,FactCheck.org,https://www.factcheck.org/,http://schema.org/Organization,Described the estimated 2.6 percent growth in the nation’s real gross domestic product for the second quarter of 2017 as “a number that nobody thought they’d see for a long period of time.”,2017-08-01 15:46:16 UTC,President of the United States,Donald Trump,,http://schema.org/Person,2017-07-31,https://www.factcheck.org/UploadedFiles/2017/01/Trump-new-widget.png,Cabinet meeting at the White House,http://schema.org/CreativeWork,False,11,https://s3.amazonaws.com/share-the-facts/rating_images/factcheck.org/false.png,7,1,http://schema.org/Rating,,https://www.factcheck.org/2017/08/trumps-gdp-puffery/
2,https://cdn.factcheck.org/UploadedFiles/2013/04/TransparentWebLogo.png,FactCheck.org,https://www.factcheck.org/,http://schema.org/Organization,Claimed his policies have reduced the cost of electricity for U.S. businesses.,2018-02-14 19:48:02 UTC,President of the United States,Donald Trump,https://www.whitehouse.gov/administration/president-trump,http://schema.org/Person,2018-02-13,https://cdn.factcheck.org/UploadedFiles/Trump-new-widget.png,White House,http://schema.org/CreativeWork,False,11,https://s3.amazonaws.com/share-the-facts/rating_images/factcheck.org/false.png,7,1,http://schema.org/Rating,,https://www.factcheck.org/2018/02/trumps-power-puffery/
3,https://cdn.factcheck.org/UploadedFiles/2013/04/TransparentWebLogo.png,FactCheck.org,http://www.factcheck.org/,http://schema.org/Organization,“BREAKING: 4 Million Democrat Votes Were Just Declared Fraudulent.”,2018-02-14 21:33:00 UTC,–,Various websites,reaganwasright.com,http://schema.org/Person,2018-02-07,https://cdn.factcheck.org/UploadedFiles/Fake-News-widget.png,,http://schema.org/CreativeWork,False,11,https://s3.amazonaws.com/share-the-facts/rating_images/factcheck.org/false.png,7,1,http://schema.org/Rating,,https://www.factcheck.org/2018/02/4-million-democratic-votes-werent-discounted/
4,https://cdn.factcheck.org/UploadedFiles/2013/04/TransparentWebLogo.png,FactCheck.org,http://www.factcheck.org/,http://schema.org/Organization,Sen. Richard Durbin has a history of misrepresenting what happens in White House meetings.,2018-01-18 21:32:59 UTC,U.S. Senator,Tom Cotton,https://www.cotton.senate.gov/,http://schema.org/Person,2018-01-14,https://cdn.factcheck.org/wp-content/uploads/2015/03/Cotton2.png,Face the Nation interview,http://schema.org/CreativeWork,Misleading,11,https://s3.amazonaws.com/share-the-facts/rating_images/factcheck.org/misleading.png,6,1,http://schema.org/Rating,,https://www.factcheck.org/2018/01/durbins-history-misrepresentations/
5,https://cdn.factcheck.org/UploadedFiles/2013/04/TransparentWebLogo.png,FactCheck.org,http://www.factcheck.org/,http://schema.org/Organization,“Trump approval ratings with Black Americans has doubled.”,2018-01-18 22:41:09 UTC,President of the United States,Donald Trump,https://www.whitehouse.gov/administration/president-trump,http://schema.org/Person,2018-01-16,https://cdn.factcheck.org/UploadedFiles/Trump-new-widget.png,Twitter,http://schema.org/CreativeWork,False,11,https://s3.amazonaws.com/share-the-facts/rating_images/factcheck.org/false.png,7,1,http://schema.org/Rating,,https://www.factcheck.org/2018/01/trump-tweets-faulty-black-approval-claim/
6,https://cdn.factcheck.org/UploadedFiles/2013/04/TransparentWebLogo.png,FactCheck.org,http://www.factcheck.org/,http://schema.org/Organization,"“I have been very strict on Commercial Aviation. Good news – it was just reported that there were Zero deaths in 2017, the best and safest year on record!”",2018-01-02 23:22:02 UTC,President of the United States,Donald Trump,https://www.whitehouse.gov/administration/president-trump,http://schema.org/Person,2018-01-02,https://cdn.factcheck.org/UploadedFiles/Trump-new-widget.png,Twitter,http://schema.org/CreativeWork,Needs Context,-1,https://dhpikd1t89arn.cloudfront.net/custom-rating/custom-ratings-0c90d2bb-72d0-47d5-8cd0-0a75cdcfcd35,-1,-1,http://schema.org/Rating,,https://www.factcheck.org/2018/01/trumps-aviation-boast/
7,https://cdn.factcheck.org/UploadedFiles/2013/04/TransparentWebLogo.png,FactCheck.org,http://www.factcheck.org/,http://schema.org/Organization,“$4 million and 2 dead bodies found in Democrat mayor’s storage unit.”,2018-01-04 22:34:35 UTC,–,Various websites,ladiesofliberty.net,http://schema.org/Person,2018-01-01,https://cdn.factcheck.org/UploadedFiles/Fake-News-widget.png,,http://schema.org/CreativeWork,False,11,https://s3.amazonaws.com/share-the-facts/rating_images/factcheck.org/false.png,7,1,http://schema.org/Rating,,https://www.factcheck.org/2018/01/no-cash-no-corpses-made-mayor/
8,https://cdn.factcheck.org/UploadedFiles/2013/04/TransparentWebLogo.png,FactCheck.org,http://www.factcheck.org/,http://schema.org/Organization,“President Barack Obama repeatedly failed to express America’s solidarity with the Iranian protesters” in 2009.,2018-01-04 22:37:23 UTC,Vice President of the United States,Mike Pence,https://www.whitehouse.gov/people/mike-pence/,http://schema.org/Person,2018-01-03,https://cdn.factcheck.org/wp-content/uploads/2016/07/Pence-Widget.jpg,Washington Post Op-Ed,http://schema.org/CreativeWork,False,11,https://s3.amazonaws.com/share-the-facts/rating_images/factcheck.org/false.png,7,1,http://schema.org/Rating,,https://www.factcheck.org/2018/01/response-iranian-protests-now/
9,https://cdn.factcheck.org/UploadedFiles/2013/04/TransparentWebLogo.png,FactCheck.org,http://www.factcheck.org/,http://schema.org/Organization,“Look at the jobs numbers that were just released last week — manufacturing is roaring back.”,2018-01-10 20:54:02 UTC,Vice President of the United States,Mike Pence,https://www.whitehouse.gov/people/mike-pence/,http://schema.org/Person,2018-01-08,https://cdn.factcheck.org/wp-content/uploads/2016/07/Pence-Widget.jpg,Radio interview,http://schema.org/CreativeWork,Spins the Facts,11,https://s3.amazonaws.com/share-the-facts/rating_images/factcheck.org/spins.png,2,1,http://schema.org/Rating,,https://www.factcheck.org/2018/01/manufacturing-jobs-roaring-back/
10,https://cdn.factcheck.org/UploadedFiles/2013/04/TransparentWebLogo.png,FactCheck.org,http://www.factcheck.org/,http://schema.org/Organization,“Man arrested after police find 19 white female bodies in freezers with ‘Black Lives Matter’ carved into skin.”,2018-01-10 20:53:38 UTC,–,Various websites,Now8News.com,http://schema.org/Person,2017-12-31,https://cdn.factcheck.org/UploadedFiles/Fake-News-widget.png,,http://schema.org/CreativeWork,False,11,https://s3.amazonaws.com/share-the-facts/rating_images/factcheck.org/false.png,7,1,http://schema.org/Rating,,https://www.factcheck.org/2018/01/bogus-black-lives-matter-stories-wont-die/
11,https://cdn.factcheck.org/UploadedFiles/2013/04/TransparentWebLogo.png,FactCheck.org,http://www.factcheck.org/,http://schema.org/Organization,“Morgan Freeman: ‘Jailing Hillary’ Best Way To ‘Restore Public Faith In Govt’”,2018-01-11 19:13:55 UTC,–,Various websites,yournewswire.com,http://schema.org/Person,2017-10-29,https://cdn.factcheck.org/UploadedFiles/Fake-News-widget.png,,http://schema.org/CreativeWork,False,11,https://s3.amazonaws.com/share-the-facts/rating_images/factcheck.org/false.png,7,1,http://schema.org/Rating,,https://www.factcheck.org/2018/01/freeman-didnt-say-lock/
12,https://cdn.factcheck.org/UploadedFiles/2013/04/TransparentWebLogo.png,FactCheck.org,http://www.factcheck.org/,http://schema.org/Organization,“There is up to at least a $1.3 trillion tax break for corporations unpaid for.”,2018-01-12 21:46:22 UTC,House Democratic Leader,Rep. Nancy Pelosi,https://www.democraticleader.gov/,http://schema.org/Person,2018-01-11,https://cdn.factcheck.org/UploadedFiles/Pelosi.jpg,Press conference,http://schema.org/CreativeWork,Misleading,11,https://s3.amazonaws.com/share-the-facts/rating_images/factcheck.org/misleading.png,6,1,http://schema.org/Rating,,https://www.factcheck.org/2018/01/pelosi-inflates-tax-cuts/
13,https://cdn.factcheck.org/UploadedFiles/2013/04/TransparentWebLogo.png,FactCheck.org,http://www.factcheck.org/,http://schema.org/Organization,“Late Night Raid On Michigan Mosque Nets 11 ISIS Terrorists and More Than 40 Vests.”,2018-01-12 23:15:23 UTC,–,Various websites,reaganwasright.com,http://schema.org/Person,2018-01-10,https://cdn.factcheck.org/UploadedFiles/Fake-News-widget.png,,http://schema.org/CreativeWork,False,11,https://s3.amazonaws.com/share-the-facts/rating_images/factcheck.org/false.png,7,1,http://schema.org/Rating,,https://www.factcheck.org/2018/01/bogus-claim-mosque-raid/
14,https://cdn.factcheck.org/UploadedFiles/2013/04/TransparentWebLogo.png,FactCheck.org,http://www.factcheck.org/,http://schema.org/Organization,“Three Democrat Senators Busted Running Underage Prostitution Ring.”,2018-01-17 21:36:32 UTC,–,Various websites,ladiesofliberty.net,http://schema.org/Person,2018-01-09,https://cdn.factcheck.org/UploadedFiles/Fake-News-widget.png,,http://schema.org/CreativeWork,False,11,https://s3.amazonaws.com/share-the-facts/rating_images/factcheck.org/false.png,7,1,http://schema.org/Rating,,https://www.factcheck.org/2018/01/no-democratic-prostitute-ring-n-j/
15,https://cdn.factcheck.org/UploadedFiles/2013/04/TransparentWebLogo.png,FactCheck.org,http://www.factcheck.org/,http://schema.org/Organization,"Claimed foreign-born residents in the Deferred Action for Childhood Arrivals program “could be 40 years old, 41 years old.”",2018-01-17 23:16:41 UTC,President of the United States,Donald Trump,https://www.whitehouse.gov/administration/president-trump,http://schema.org/Person,2018-01-09,https://cdn.factcheck.org/UploadedFiles/Trump-new-widget.png,White House,http://schema.org/CreativeWork,False,11,https://s3.amazonaws.com/share-the-facts/rating_images/factcheck.org/false.png,7,1,http://schema.org/Rating,,https://www.factcheck.org/2018/01/trumps-mistake-daca/
16,https://cdn.factcheck.org/UploadedFiles/2013/04/TransparentWebLogo.png,FactCheck.org,http://www.factcheck.org/,http://schema.org/Organization,Mexico is “now rated the number one most dangerous country in the world.”,2018-01-19 22:43:49 UTC,President of the United States,Donald Trump,https://www.whitehouse.gov/administration/president-trump,http://schema.org/Person,2018-01-18,https://cdn.factcheck.org/UploadedFiles/Trump-new-widget.png,Twitter,http://schema.org/CreativeWork,False,11,https://s3.amazonaws.com/share-the-facts/rating_images/factcheck.org/false.png,7,1,http://schema.org/Rating,,https://www.factcheck.org/2018/01/trumps-false-claim-mexicos-violence/
17,https://cdn.factcheck.org/UploadedFiles/2013/04/TransparentWebLogo.png,FactCheck.org,http://www.factcheck.org/,http://schema.org/Organization,Denzel Washington said Barack Obama was a “Criminal-In-Chief.”,2018-01-19 23:04:07 UTC,–,Various websites,yournewswire.com,http://schema.org/Person,2017-12-01,https://cdn.factcheck.org/UploadedFiles/Fake-News-widget.png,,http://schema.org/CreativeWork,False,11,https://s3.amazonaws.com/share-the-facts/rating_images/factcheck.org/false.png,7,1,http://schema.org/Rating,,https://www.factcheck.org/2018/01/fake-denzel-washington-story/
18,https://cdn.factcheck.org/UploadedFiles/2013/04/TransparentWebLogo.png,FactCheck.org,http://www.factcheck.org/,http://schema.org/Organization,“Charles Schumer Received $500k Donation From Pro-Illegal Alien Group Just Before Vote.”,2018-01-23 22:32:20 UTC,–,Various websites,thelastlineofdefense.online,http://schema.org/Person,2018-01-20,https://cdn.factcheck.org/UploadedFiles/Fake-News-widget.png,,http://schema.org/CreativeWork,False,11,https://s3.amazonaws.com/share-the-facts/rating_images/factcheck.org/false.png,7,1,http://schema.org/Rating,,https://www.factcheck.org/2018/01/no-shutdown-shakedown/
19,https://cdn.factcheck.org/UploadedFiles/2013/04/TransparentWebLogo.png,FactCheck.org,http://www.factcheck.org/,http://schema.org/Organization,Getting rid of the filibuster “would be the end of the Senate as it was originally devised and created going back to our Founding Fathers.”,2018-01-23 22:53:50 UTC,U.S. Senator,Dick Durbin,https://www.durbin.senate.gov/,http://schema.org/Person,2018-01-21,https://cdn.factcheck.org/UploadedFiles/Durbin.png,ABC’s “This Week”,http://schema.org/CreativeWork,Spins the Facts,11,https://s3.amazonaws.com/share-the-facts/rating_images/factcheck.org/spins.png,2,1,http://schema.org/Rating,,https://www.factcheck.org/2018/01/durbin-filibuster-myth/
20,https://cdn.factcheck.org/UploadedFiles/2013/04/TransparentWebLogo.png,FactCheck.org,http://www.factcheck.org/,http://schema.org/Organization,“Trump Orders to Remove Obama Highway Name and Put This New Highway Name.”,2018-01-24 19:27:53 UTC,–,Various websites,Journalunited.com,http://schema.org/Person,2018-01-03,https://cdn.factcheck.org/UploadedFiles/Fake-News-widget.png,,http://schema.org/CreativeWork,False,11,https://s3.amazonaws.com/share-the-facts/rating_images/factcheck.org/false.png,7,1,http://schema.org/Rating,,https://www.factcheck.org/2018/01/out-with-the-old-dixie/
21,https://cdn.factcheck.org/UploadedFiles/2013/04/TransparentWebLogo.png,FactCheck.org,http://www.factcheck.org/,http://schema.org/Organization,“George Soros Paid 3 Democrats Millions To Vote For Shutdown.”,2018-01-26 14:29:14 UTC,–,Various websites,http://ladiesofliberty.net/,http://schema.org/Person,2018-01-19,https://cdn.factcheck.org/UploadedFiles/Fake-News-widget.png,Various websites,http://schema.org/CreativeWork,False,11,https://s3.amazonaws.com/share-the-facts/rating_images/factcheck.org/false.png,7,1,http://schema.org/Rating,,https://www.factcheck.org/2018/01/soros-didnt-pay-shutdown-votes/
22,https://cdn.factcheck.org/UploadedFiles/2013/04/TransparentWebLogo.png,FactCheck.org,http://www.factcheck.org/,http://schema.org/Organization,Said he is “very proud” that “on my watch” there are “more women in the workforce today than ever before.”,2018-01-25 23:59:46 UTC,President of the United States,Donald Trump,https://www.whitehouse.gov/administration/president-trump,http://schema.org/Person,2018-01-16,https://cdn.factcheck.org/UploadedFiles/Trump-new-widget.png,White House,http://schema.org/CreativeWork,Lacks Context,-1,https://dhpikd1t89arn.cloudfront.net/custom-rating/custom-ratings-05fdd1d0-4f10-4274-b5a2-fb8cab73ba88,-1,-1,http://schema.org/Rating,,https://www.factcheck.org/2018/01/misleading-talking-point-women-workers/
23,https://cdn.factcheck.org/UploadedFiles/2013/04/TransparentWebLogo.png,FactCheck.org,http://www.factcheck.org/,http://schema.org/Organization,“Over a half a million new women entered the workforce on [Trump’s] watch.”,2018-01-26 00:04:44 UTC,Counselor to the President,Kellyanne Conway,https://www.whitehouse.gov,http://schema.org/Person,2018-01-22,https://cdn.factcheck.org/UploadedFiles/Conway.png,CNN interview,http://schema.org/CreativeWork,Lacks Context,-1,https://dhpikd1t89arn.cloudfront.net/custom-rating/custom-ratings-139e033f-ee0b-40f4-8669-9dc340f7c1ef,-1,-1,http://schema.org/Rating,,https://www.factcheck.org/2018/01/misleading-talking-point-women-workers/
24,https://cdn.factcheck.org/UploadedFiles/2013/04/TransparentWebLogo.png,FactCheck.org,http://www.factcheck.org/,http://schema.org/Organization,“Actress Demi Moore: ‘I do not want Trump supporters for fans.’”,2018-01-26 22:32:53 UTC,–,Various websites,thepatriotreport.net,http://schema.org/Person,2018-01-12,https://cdn.factcheck.org/UploadedFiles/Fake-News-widget.png,,http://schema.org/CreativeWork,False,11,https://s3.amazonaws.com/share-the-facts/rating_images/factcheck.org/false.png,7,1,http://schema.org/Rating,,https://www.factcheck.org/2018/01/no-evidence-demi-moore-quote/
25,https://cdn.factcheck.org/UploadedFiles/2013/04/TransparentWebLogo.png,FactCheck.org,http://www.factcheck.org/,http://schema.org/Organization,Supreme Court: “Public schools in this country will NOT teach the tenets of Islam.”,2018-01-29 21:17:33 UTC,–,Various websites,thelastlineofdefense.online,http://schema.org/Person,2017-04-07,https://cdn.factcheck.org/UploadedFiles/Fake-News-widget.png,,http://schema.org/CreativeWork,False,11,https://s3.amazonaws.com/share-the-facts/rating_images/factcheck.org/false.png,7,1,http://schema.org/Rating,,https://www.factcheck.org/2018/01/teaching-islam-hasnt-banned/
26,https://cdn.factcheck.org/UploadedFiles/2013/04/TransparentWebLogo.png,FactCheck.org,http://www.factcheck.org/,http://schema.org/Organization,"“Singer Dolly Parton: ‘Trump in one year is already better than 16 years of Bush, Obama put together.’”",2018-01-30 17:01:59 UTC,–,Various websites,libertyrednews.com,http://schema.org/Person,2018-01-22,https://cdn.factcheck.org/UploadedFiles/Fake-News-widget.png,,http://schema.org/CreativeWork,False,11,https://s3.amazonaws.com/share-the-facts/rating_images/factcheck.org/false.png,7,1,http://schema.org/Rating,,https://www.factcheck.org/2018/01/parton-dolly-didnt-praise-trump/
27,https://cdn.factcheck.org/UploadedFiles/2013/04/TransparentWebLogo.png,FactCheck.org,http://www.factcheck.org/,http://schema.org/Organization,"“[B]ecause of my policies, Black Unemployment has just been reported to be at the LOWEST RATE EVER RECORDED!”",2018-01-30 17:44:57 UTC,President of the United States,Donald Trump,https://www.whitehouse.gov/administration/president-trump,http://schema.org/Person,2018-01-28,https://cdn.factcheck.org/UploadedFiles/Trump-new-widget.png,Twitter,http://schema.org/CreativeWork,Spins the Facts,11,https://s3.amazonaws.com/share-the-facts/rating_images/factcheck.org/spins.png,2,1,http://schema.org/Rating,,https://www.factcheck.org/2018/01/trump-takes-undue-credit-black-unemployment/
28,https://cdn.factcheck.org/UploadedFiles/2013/04/TransparentWebLogo.png,FactCheck.org,http://www.factcheck.org/,http://schema.org/Organization,"“The ice caps were going to melt, they were going to be gone by now, but now they’re setting records, so OK, they’re at a record level.”",2018-01-30 23:23:59 UTC,President of the United States,Donald Trump,https://www.whitehouse.gov/administration/president-trump,http://schema.org/Person,2018-01-28,https://cdn.factcheck.org/UploadedFiles/Trump-new-widget.png,“Good Morning Britain” interview,http://schema.org/CreativeWork,Ice sheets have declined,-1,https://dhpikd1t89arn.cloudfront.net/custom-rating/custom-ratings-bdcfdb67-bfaa-4ea6-a2e3-23ed61521ad3,-1,-1,http://schema.org/Rating,,https://www.factcheck.org/2018/01/ice-caps-record-low-not-high/
29,https://cdn.factcheck.org/UploadedFiles/2013/04/TransparentWebLogo.png,FactCheck.org,http://www.factcheck.org/,http://schema.org/Organization,Claims his legislative proposal to make the DACA program permanent will “generously” cover “almost three times more people than the previous administration covered.”,2018-02-02 20:24:19 UTC,President of the United States,Donald Trump,https://www.whitehouse.gov/administration/president-trump,http://schema.org/Person,2018-01-30,https://cdn.factcheck.org/UploadedFiles/Trump-new-widget.png,State of the Union,http://schema.org/CreativeWork,Misleading,11,https://s3.amazonaws.com/share-the-facts/rating_images/factcheck.org/misleading.png,6,1,http://schema.org/Rating,,https://www.factcheck.org/2018/02/trumps-misleading-daca-boast/
30,https://cdn.factcheck.org/UploadedFiles/2013/04/TransparentWebLogo.png,FactCheck.org,http://www.factcheck.org/,http://schema.org/Organization,“Major Announcement Out Of The White House — John Kerry Facing Felony Charges.”,2018-02-02 22:52:35 UTC,–,Various websites,politicsfocus.com/,http://schema.org/Person,2018-01-29,https://cdn.factcheck.org/UploadedFiles/Fake-News-widget.png,,http://schema.org/CreativeWork,False,11,https://s3.amazonaws.com/share-the-facts/rating_images/factcheck.org/false.png,7,1,http://schema.org/Rating,,https://www.factcheck.org/2018/02/no-logan-act-charges-john-kerry/
31,https://cdn.factcheck.org/UploadedFiles/2013/04/TransparentWebLogo.png,FactCheck.org,http://www.factcheck.org/,http://schema.org/Organization,“Black Lives Matter Leader Kept ‘Virtually All’ Donations.”,2018-02-09 23:05:02 UTC,–,Various websites,reaganwasright.com,http://schema.org/Person,2018-02-04,https://cdn.factcheck.org/UploadedFiles/Fake-News-widget.png,,http://schema.org/CreativeWork,False,11,https://s3.amazonaws.com/share-the-facts/rating_images/factcheck.org/false.png,7,1,http://schema.org/Rating,,https://www.factcheck.org/2018/02/no-black-lives-matter-embezzlement-scandal/
32,https://cdn.factcheck.org/UploadedFiles/2013/04/TransparentWebLogo.png,FactCheck.org,http://www.factcheck.org/,http://schema.org/Organization,Suggests global warming isn’t necessarily “a bad thing” because “humans have most flourished during times of … warming.”,2018-02-12 22:44:53 UTC,EPA Administrator,Scott Pruitt,https://www.epa.gov/,http://schema.org/Person,2018-02-06,https://cdn.factcheck.org/UploadedFiles/pruitt-e1506113457351.jpg,TV interview,http://schema.org/CreativeWork,Distorts the Facts,11,https://s3.amazonaws.com/share-the-facts/rating_images/factcheck.org/distorts.png,9,1,http://schema.org/Rating,,https://www.factcheck.org/2018/02/will-global-warming-benefit-civilization/
33,https://cdn.factcheck.org/UploadedFiles/2013/04/TransparentWebLogo.png,FactCheck.org,http://www.factcheck.org/,http://schema.org/Organization,"Trump's ""budget reduced the deficit by $3 trillion, which is one of the largest in history.""",2018-02-14 23:02:58 UTC,White House Press Secretary,Sarah Sanders,https://www.whitehouse.gov/,http://schema.org/Person,2018-02-13,https://cdn.factcheck.org/UploadedFiles/Sarah-Huckabee-Sanders.png,Press briefing,http://schema.org/CreativeWork,False,11,https://s3.amazonaws.com/share-the-facts/rating_images/factcheck.org/false.png,7,1,http://schema.org/Rating,,https://www.factcheck.org/2018/02/trumps-deficit-reduction/
34,https://cdn.factcheck.org/UploadedFiles/2013/04/TransparentWebLogo.png,FactCheck.org,http://www.factcheck.org/,http://schema.org/Organization,"""Anybody in favor of the [diversity visa] lottery, where you pick it out and you say, 'Good, we have a new United States citizen'?""",2018-02-15 17:44:40 UTC,President of the United States,Donald Trump,https://www.whitehouse.gov/administration/president-trump,http://schema.org/Person,2018-02-13,https://cdn.factcheck.org/UploadedFiles/Trump-new-widget.png,National Sheriffs’ Association Roundtable,http://schema.org/CreativeWork,Distorts the Facts,11,https://s3.amazonaws.com/share-the-facts/rating_images/factcheck.org/distorts.png,9,1,http://schema.org/Rating,,https://www.factcheck.org/2018/02/trump-puts-new-twist-visa-misinformation/
35,https://cdn.factcheck.org/UploadedFiles/2013/04/TransparentWebLogo.png,FactCheck.org,http://www.factcheck.org/,http://schema.org/Organization,"“GM Korea company announced today that it will cease production and close its Gunsan plant in May of 2018, and they’re going to move back to Detroit.”",2018-02-15 18:04:03 UTC,President of the United States,Donald Trump,www.whitehouse.gov,http://schema.org/Person,2018-02-13,https://cdn.factcheck.org/wp-content/uploads/2016/04/Trump-Widget.jpg,White House,http://schema.org/CreativeWork,Distorts the Facts,11,https://s3.amazonaws.com/share-the-facts/rating_images/factcheck.org/distorts.png,9,1,http://schema.org/Rating,,https://www.factcheck.org/2018/02/gm-korea-didnt-announce-move-detroit/
36,https://cdn.factcheck.org/UploadedFiles/2013/04/TransparentWebLogo.png,FactCheck.org,http://www.factcheck.org/,http://schema.org/Organization,"""Irrespective of efforts that were made in 2016 by foreign powers, it is the universal conclusion of our intelligence communities that none of those efforts had any impact on the outcome of the 2016 election.""",2018-02-15 21:03:44 UTC,Vice President of the United States,Mike Pence,https://www.whitehouse.gov/people/mike-pence/,http://schema.org/Person,2018-02-14,https://cdn.factcheck.org/wp-content/uploads/2016/07/Pence-Widget.jpg,In an interview with Axios,http://schema.org/CreativeWork,False,11,https://s3.amazonaws.com/share-the-facts/rating_images/factcheck.org/false.png,7,1,http://schema.org/Rating,,https://www.factcheck.org/2018/02/pence-repeats-debunked-russia-talking-point/
37,https://cdn.factcheck.org/UploadedFiles/2013/04/TransparentWebLogo.png,FactCheck.org,http://www.factcheck.org/,http://schema.org/Organization,Teen who “killed Muslim refugee for raping his 7 years old sister sentenced 30 years to life in a federal prison.”,2018-02-16 23:04:10 UTC,–,Various websites,donaldtrumpforusa.com,http://schema.org/Person,2018-02-09,https://cdn.factcheck.org/UploadedFiles/Fake-News-widget.png,,http://schema.org/CreativeWork,False,11,https://s3.amazonaws.com/share-the-facts/rating_images/factcheck.org/false.png,7,1,http://schema.org/Rating,,https://www.factcheck.org/2018/02/horner-hoax-remix/
38,https://cdn.factcheck.org/UploadedFiles/2013/04/TransparentWebLogo.png,FactCheck.org,http://www.factcheck.org/,http://schema.org/Organization,"“All these efforts [by the Russians] were about sowing confusion in the electoral process and undermining the next president, not about supporting one candidate over the other.”",2018-02-19 22:14:47 UTC,White House Principal Deputy Press Secretary,Raj Shah,https://www.whitehouse.gov,http://schema.org/Person,2018-02-16,https://cdn.factcheck.org/UploadedFiles/Shah.png,Fox News,http://schema.org/CreativeWork,False,11,https://s3.amazonaws.com/share-the-facts/rating_images/factcheck.org/false.png,7,1,http://schema.org/Rating,,https://www.factcheck.org/2018/02/spinning-russian-indictment/
39,https://cdn.factcheck.org/UploadedFiles/2013/04/TransparentWebLogo.png,FactCheck.org,http://www.factcheck.org/,http://schema.org/Organization,"""I never said Russia did not meddle in the election.""",2018-02-19 22:37:57 UTC,President of the United States,Donald Trump,https://www.whitehouse.gov/administration/president-trump,http://schema.org/Person,2018-02-18,https://cdn.factcheck.org/UploadedFiles/Trump-new-widget.png,Twitter,http://schema.org/CreativeWork,False,11,https://s3.amazonaws.com/share-the-facts/rating_images/factcheck.org/false.png,7,1,http://schema.org/Rating,,https://www.factcheck.org/2018/02/words-trump-russian-meddling/
40,https://cdn.factcheck.org/UploadedFiles/2013/04/TransparentWebLogo.png,FactCheck.org,http://www.factcheck.org/,http://schema.org/Organization,"“Don’t Let The MAGA Hat Fool You, Hispanic Shooter ‘Nicolas de Jesus Cruz’ Was A Registered Democrat.”",2018-02-20 15:16:23 UTC,–,Various websites,thegatewaypundit.com,http://schema.org/Person,2018-02-14,https://cdn.factcheck.org/UploadedFiles/Fake-News-widget.png,,http://schema.org/CreativeWork,False,11,https://s3.amazonaws.com/share-the-facts/rating_images/factcheck.org/false.png,7,1,http://schema.org/Rating,,https://www.factcheck.org/2018/02/florida-shooter-not-registered-dem/
41,https://cdn.factcheck.org/UploadedFiles/2013/04/TransparentWebLogo.png,FactCheck.org,http://www.factcheck.org/,http://schema.org/Organization,"""Forty percent of the guns in this country are sold without any background checks.""",2018-02-20 19:47:42 UTC,U.S. Senator,Bernie Sanders,https://www.sanders.senate.gov/,http://schema.org/Person,2018-02-18,https://cdn.factcheck.org/UploadedFiles/berniesanders_widget.jpg,"Interview on ""Meet the Press""",http://schema.org/CreativeWork,False,11,https://s3.amazonaws.com/share-the-facts/rating_images/factcheck.org/false.png,7,1,http://schema.org/Rating,,https://www.factcheck.org/2018/02/sanders-uses-stale-gun-sales-stat/
42,https://cdn.factcheck.org/UploadedFiles/2013/04/TransparentWebLogo.png,FactCheck.org,http://www.factcheck.org/,http://schema.org/Organization,Compares Obama’s criticism of Trump’s voter fraud claims with Democratic acceptance of “the Russian excuse.”,2018-02-21 19:19:01 UTC,Presidential candidate,Donald Trump,https://www.whitehouse.gov/,http://schema.org/Person,2018-02-20,https://www.factcheck.org/UploadedFiles/2016/04/Trump-Widget.jpg,Twitter,http://schema.org/CreativeWork,Compares Apples to Oranges,-1,https://dhpikd1t89arn.cloudfront.net/custom-rating/custom-ratings-869880f3-67ae-407d-9fd4-0d80e1793c05,-1,-1,http://schema.org/Rating,,https://www.factcheck.org/2018/02/trumps-misguided-comparison/
43,https://cdn.factcheck.org/UploadedFiles/2013/04/TransparentWebLogo.png,FactCheck.org,http://www.factcheck.org/,http://schema.org/Organization,"""Michelle Obama: 'Florida Shooting Is Clearly Trump's Fault.'""",2018-02-21 22:21:03 UTC,-,Various websites,ustoday.website,http://schema.org/Person,2018-02-16,https://cdn.factcheck.org/UploadedFiles/Fake-News-widget.png,,http://schema.org/CreativeWork,False,11,https://s3.amazonaws.com/share-the-facts/rating_images/factcheck.org/false.png,7,1,http://schema.org/Rating,,https://www.factcheck.org/2018/02/made-michelle-obama-quote/
44,https://cdn.factcheck.org/UploadedFiles/2013/04/TransparentWebLogo.png,FactCheck.org,http://www.factcheck.org/,http://schema.org/Organization,"Is David Hogg a student at Stoneman Douglas High School or a paid ""crisis actor""?",2018-02-22 23:37:43 UTC,FactCheck.org readers,Ask FactCheck,https://153news.net,http://schema.org/Person,2018-02-22,https://cdn.factcheck.org/wp-content/uploads/2013/05/AskFactCheck.png,Email to Ask FactCheck,http://schema.org/CreativeWork,Hogg Is A Student,-1,https://dhpikd1t89arn.cloudfront.net/custom-rating/custom-ratings-75b1bd7a-28b3-41b5-8854-064bf0c14ee4,-1,-1,http://schema.org/Rating,,https://www.factcheck.org/2018/02/no-crisis-actors-parkland-florida/
45,https://cdn.factcheck.org/UploadedFiles/2013/04/TransparentWebLogo.png,FactCheck.org,http://www.factcheck.org/,http://schema.org/Organization,"“Smoking in cars with children is illegal starting January 30, 2018.”",2018-02-23 00:07:46 UTC,-,amomama.com,,http://schema.org/Person,2018-02-20,https://cdn.factcheck.org/UploadedFiles/Fake-News-widget.png,,http://schema.org/CreativeWork,False,11,https://s3.amazonaws.com/share-the-facts/rating_images/factcheck.org/false.png,7,1,http://schema.org/Rating,,https://www.factcheck.org/2018/02/no-federal-ban-smoking-children-car/
46,https://cdn.factcheck.org/UploadedFiles/2013/04/TransparentWebLogo.png,FactCheck.org,http://www.factcheck.org/,http://schema.org/Organization,"Says an Obama-era rule denied gun rights to the elderly who ""sought help to do their taxes.""",2018-02-23 20:03:24 UTC,National Rifle Association CEO,Wayne LaPierre,https://home.nra.org/,http://schema.org/Person,2018-02-22,https://cdn.factcheck.org/UploadedFiles/lapierre.jpg,Conservative Political Action Conference,http://schema.org/CreativeWork,False,11,https://s3.amazonaws.com/share-the-facts/rating_images/factcheck.org/false.png,7,1,http://schema.org/Rating,,https://www.factcheck.org/2018/02/nra-chiefs-bogus-background-check-claims/
47,https://cdn.factcheck.org/UploadedFiles/2013/04/TransparentWebLogo.png,FactCheck.org,http://www.factcheck.org/,http://schema.org/Organization,"""The National Rifle Association originated the National Instant Check System. It was our bill.""",2018-02-23 20:04:58 UTC,National Rifle Association CEO,Wayne LaPierre,https://home.nra.org/,http://schema.org/Person,2018-02-22,https://cdn.factcheck.org/UploadedFiles/lapierre.jpg,Conservative Political Action Conference,http://schema.org/CreativeWork,Misleading,11,https://s3.amazonaws.com/share-the-facts/rating_images/factcheck.org/misleading.png,6,1,http://schema.org/Rating,,https://www.factcheck.org/2018/02/nra-chiefs-bogus-background-check-claims/
48,https://cdn.factcheck.org/UploadedFiles/2013/04/TransparentWebLogo.png,FactCheck.org,http://www.factcheck.org/,http://schema.org/Organization,"David Hogg didn’t attend high school in Parkland, Florida; he graduated from Redondo Shores Continuation High School in California.",2018-02-25 16:34:13 UTC,Twitter account,@LagBeachAntifa9,https://twitter.com/LagBeachAntifa9,http://schema.org/Person,2018-02-20,https://cdn.factcheck.org/UploadedFiles/Fake-News-widget.png,Twitter,http://schema.org/CreativeWork,False,11,https://s3.amazonaws.com/share-the-facts/rating_images/factcheck.org/false.png,7,1,http://schema.org/Rating,,https://www.factcheck.org/2018/02/phony-yearbook-photo/
49,https://cdn.factcheck.org/UploadedFiles/2013/04/TransparentWebLogo.png,FactCheck.org,https://www.factcheck.org/,http://schema.org/Organization,Secretary of the Interior Ryan Zinke posed with an elephant he shot.,2017-12-04 17:43:34 UTC,One of several Cecil the Lion pages,A Facebook page,https://www.facebook.com/Cecil-the-Lion-130711123934688/,http://schema.org/Person,2017-11-22,https://www.factcheck.org/UploadedFiles/2017/07/Fake-News-widget.png,Facebook,http://schema.org/CreativeWork,False,11,https://s3.amazonaws.com/share-the-facts/rating_images/factcheck.org/false.png,7,1,http://schema.org/Rating,,http://cf.factcheck.org/2017/12/false-caption-dead-elephant-photo/
50,https://cdn.factcheck.org/UploadedFiles/2013/04/TransparentWebLogo.png,FactCheck.org,http://www.factcheck.org/,http://schema.org/Organization,"""Hillary Clinton lied many times to the FBI.""",2017-12-04 22:32:15 UTC,President of the United States,Donald Trump,https://www.whitehouse.gov/administration/president-trump,http://schema.org/Person,2017-12-04,https://cdn.factcheck.org/UploadedFiles/Trump-new-widget.png,White House,http://schema.org/CreativeWork,No Evidence,11,https://s3.amazonaws.com/share-the-facts/rating_images/factcheck.org/noevidence.png,5,1,http://schema.org/Rating,,http://www.factcheck.org/2017/12/factchecking-trumps-criticism-fbi/
51,https://cdn.factcheck.org/UploadedFiles/2013/04/TransparentWebLogo.png,FactCheck.org,https://www.factcheck.org/,http://schema.org/Organization,“The Clinton Foundation doesn’t exist anymore.”,2017-12-06 21:44:20 UTC,Counselor to the President,Kellyanne Conway,https://www.whitehouse.gov/,http://schema.org/Person,2017-12-04,https://www.factcheck.org/UploadedFiles/2017/12/Conway.png,“Fox and Friends”,http://schema.org/CreativeWork,False,11,https://s3.amazonaws.com/share-the-facts/rating_images/factcheck.org/false.png,7,1,http://schema.org/Rating,,https://www.factcheck.org/2017/12/conways-misguided-postmortem/
52,https://cdn.factcheck.org/UploadedFiles/2013/04/TransparentWebLogo.png,FactCheck.org,https://www.factcheck.org/,http://schema.org/Organization,“Sharia law now legal in all 50 states.”,2017-12-06 21:24:12 UTC,–,Various websites,reaganwasright.com,http://schema.org/Person,2017-11-28,https://www.factcheck.org/UploadedFiles/2017/07/Fake-News-widget.png,,http://schema.org/CreativeWork,False,11,https://s3.amazonaws.com/share-the-facts/rating_images/factcheck.org/false.png,7,1,http://schema.org/Rating,,https://www.factcheck.org/2017/12/sham-sharia-stories/
53,https://cdn.factcheck.org/UploadedFiles/2013/04/TransparentWebLogo.png,FactCheck.org,https://www.factcheck.org/,http://schema.org/Organization,“Sharia law now in full effect in one state after what judge gave Muslim rapist special permission to do.”,2017-12-06 21:31:03 UTC,Website,Freedom Daily,freedomdaily.com,http://schema.org/Person,2017-11-30,https://www.factcheck.org/UploadedFiles/2017/07/Fake-News-widget.png,,http://schema.org/CreativeWork,False,11,https://s3.amazonaws.com/share-the-facts/rating_images/factcheck.org/false.png,7,1,http://schema.org/Rating,,https://www.factcheck.org/2017/12/sham-sharia-stories/
54,https://cdn.factcheck.org/UploadedFiles/2013/04/TransparentWebLogo.png,FactCheck.org,https://www.factcheck.org/,http://schema.org/Organization,"The National Science Foundation “provides financial support to more than twice as many graduate students in the social and behavioral sciences as in computer science, mathematics or material science.”",2017-12-07 16:06:18 UTC,"Chairman, House science committee",Rep. Lamar Smith,https://lamarsmith.house.gov/,http://schema.org/Person,2017-11-30,https://www.factcheck.org/UploadedFiles/2015/11/lamarsmith_noaa.png,Roll Call op-ed,http://schema.org/CreativeWork,False,11,https://s3.amazonaws.com/share-the-facts/rating_images/factcheck.org/false.png,7,1,http://schema.org/Rating,,https://www.factcheck.org/2017/12/smith-wrong-nsf-funding/
55,https://cdn.factcheck.org/UploadedFiles/2013/04/TransparentWebLogo.png,FactCheck.org,https://www.factcheck.org/,http://schema.org/Organization,"Roy Moore, who has been accused of sexual misconduct with teenage girls, is running for the U.S. Senate in Alabama “with the full support of his party.”",2017-12-07 21:37:14 UTC,U.S. Senator,Al Franken,https://www.franken.senate.gov/,http://schema.org/Person,2017-12-07,https://www.factcheck.org/UploadedFiles/2017/12/Franken.png,Senate floor speech,http://schema.org/CreativeWork,Exaggerates,11,https://s3.amazonaws.com/share-the-facts/rating_images/factcheck.org/exag.png,8,1,http://schema.org/Rating,,https://www.factcheck.org/2017/12/al-franken-gop-support-roy-moore/
56,https://cdn.factcheck.org/UploadedFiles/2013/04/TransparentWebLogo.png,FactCheck.org,https://www.factcheck.org/,http://schema.org/Organization,“Kevin Bacon: ‘We are blessed to have Donald Trump as our president.'”,2017-12-08 18:57:00 UTC,–,Various websites,http://theconservativeonline.info,http://schema.org/Person,2017-12-03,https://www.factcheck.org/UploadedFiles/2017/07/Fake-News-widget.png,,http://schema.org/CreativeWork,False,11,https://s3.amazonaws.com/share-the-facts/rating_images/factcheck.org/false.png,7,1,http://schema.org/Rating,,https://www.factcheck.org/2017/12/kevin-bacon-isnt-trump-supporter/
57,https://cdn.factcheck.org/UploadedFiles/2013/04/TransparentWebLogo.png,FactCheck.org,https://www.factcheck.org/,http://schema.org/Organization,Called the Diversity Immigrant Visa Program “a Chuck Schumer beauty.”,2017-11-01 22:53:54 UTC,President of the United States,Donald Trump,https://www.whitehouse.gov/administration/president-trump,http://schema.org/Person,2017-11-01,https://www.factcheck.org/UploadedFiles/2017/01/Trump-new-widget.png,Twitter,http://schema.org/CreativeWork,Not the Whole Story,11,https://s3.amazonaws.com/share-the-facts/rating_images/factcheck.org/notthewholestory.png,4,1,http://schema.org/Rating,,https://www.factcheck.org/2017/11/schumer-diversity-visa-lottery/
58,https://cdn.factcheck.org/UploadedFiles/2013/04/TransparentWebLogo.png,FactCheck.org,https://www.factcheck.org/,http://schema.org/Organization,“Muslim judge rules Muslim man can marry 9-year-old girl in Montana.”,2017-11-06 18:55:16 UTC,Website,Freedum Junkshun,freedumjunkshun.com,http://schema.org/Person,2017-10-25,https://www.factcheck.org/UploadedFiles/2017/07/Fake-News-widget.png,,http://schema.org/CreativeWork,False,11,https://s3.amazonaws.com/share-the-facts/rating_images/factcheck.org/false.png,7,1,http://schema.org/Rating,,https://www.factcheck.org/2017/11/no-muslim-child-marriage-montana/
59,https://cdn.factcheck.org/UploadedFiles/2013/04/TransparentWebLogo.png,FactCheck.org,https://www.factcheck.org/,http://schema.org/Organization,“Texas church shooter was antifa member who vowed to start civil war.”,2017-11-08 16:33:49 UTC,–,Various websites,yournewswire.com,http://schema.org/Person,2017-11-05,https://www.factcheck.org/UploadedFiles/2017/07/Fake-News-widget.png,,http://schema.org/CreativeWork,False,11,https://s3.amazonaws.com/share-the-facts/rating_images/factcheck.org/false.png,7,1,http://schema.org/Rating,,https://www.factcheck.org/2017/11/texas-shooting-unrelated-antifa/
60,https://cdn.factcheck.org/UploadedFiles/2013/04/TransparentWebLogo.png,FactCheck.org,https://www.factcheck.org/,http://schema.org/Organization,"Newly elected Muslim mayor just abolished Christmas in Hoboken, New Jersey.",2017-11-14 19:37:38 UTC,Website,BeforeItsNews.com,beforeitsnews.com,http://schema.org/Person,2017-11-10,https://www.factcheck.org/UploadedFiles/2017/07/Fake-News-widget.png,,http://schema.org/CreativeWork,False,11,https://s3.amazonaws.com/share-the-facts/rating_images/factcheck.org/false.png,7,1,http://schema.org/Rating,,https://www.factcheck.org/2017/11/hoboken-christmas-hoax/
61,https://cdn.factcheck.org/UploadedFiles/2013/04/TransparentWebLogo.png,FactCheck.org,https://www.factcheck.org/,http://schema.org/Organization,"“Trump abruptly shuts down dogs for wounded warriors program, leaving vets high and dry on Veterans Day.”",2017-11-16 17:28:45 UTC,–,Various websites,https://first.thepoliticalvoice.com,http://schema.org/Person,2017-11-11,https://www.factcheck.org/UploadedFiles/2017/07/Fake-News-widget.png,,http://schema.org/CreativeWork,False,11,https://s3.amazonaws.com/share-the-facts/rating_images/factcheck.org/false.png,7,1,http://schema.org/Rating,,https://www.factcheck.org/2017/11/trump-didnt-cut-canine-program/
62,https://cdn.factcheck.org/UploadedFiles/2013/04/TransparentWebLogo.png,FactCheck.org,https://www.factcheck.org/,http://schema.org/Organization,"“The Trump-Republican tax plan delivers a huge tax cut to millionaires, billionaires and wealthy corporations. And the middle class gets stuck with the tab.”",2017-11-16 20:06:36 UTC,A coalition of liberal groups,Not One Penny,https://notonepenny.org/,http://schema.org/Person,2017-11-14,https://www.factcheck.org/UploadedFiles/2017/11/Not-One-Penny.png,TV ad,http://schema.org/CreativeWork,Lacks Context,-1,https://dhpikd1t89arn.cloudfront.net/custom-rating/custom-ratings-23bbdef7-dc52-49ad-bafe-1e0a51fa5b52,-1,-1,http://schema.org/Rating,,https://www.factcheck.org/2017/11/tax-cut-ad-lacks-context/
63,https://cdn.factcheck.org/UploadedFiles/2013/04/TransparentWebLogo.png,FactCheck.org,https://www.factcheck.org/,http://schema.org/Organization,A provision of the Senate tax bill eliminating the penalty for not buying health insurance would have “no impact on anyone” who buys coverage on the Affordable Care Act exchanges.,2017-11-21 17:18:33 UTC,U.S. Senator,Tom Cotton,https://www.cotton.senate.gov/,http://schema.org/Person,2017-11-19,https://www.factcheck.org/UploadedFiles/2014/12/Cotton-terrorism.png,CBS’ “Face the Nation”,http://schema.org/CreativeWork,False,11,https://s3.amazonaws.com/share-the-facts/rating_images/factcheck.org/false.png,7,1,http://schema.org/Rating,,https://www.factcheck.org/2017/11/cottons-false-insurance-assurance/
64,https://cdn.factcheck.org/UploadedFiles/2013/04/TransparentWebLogo.png,FactCheck.org,https://www.factcheck.org/,http://schema.org/Organization,FDA ANNOUNCED THAT VACCINES ARE CAUSING AUTISM! Is this true?,2017-11-22 16:42:01 UTC,–,Ask FactCheck,http://amindunchained.com,http://schema.org/Person,2017-11-21,https://www.factcheck.org/UploadedFiles/2013/05/AskFactCheck.png,Email to Ask FactCheck,http://schema.org/CreativeWork,False,11,https://s3.amazonaws.com/share-the-facts/rating_images/factcheck.org/false.png,7,1,http://schema.org/Rating,,https://www.factcheck.org/2017/11/debunking-false-vaccine-claim/
65,https://cdn.factcheck.org/UploadedFiles/2013/04/TransparentWebLogo.png,FactCheck.org,https://www.factcheck.org/,http://schema.org/Organization,Passing the Senate’s Bipartisan Health Care Stabilization Act and the Tax Cuts and Jobs Act would result in “net lower premiums” for health insurance.,2017-11-22 23:08:07 UTC,U.S. Senator,Bill Cassidy,https://www.cassidy.senate.gov/,http://schema.org/Person,2017-11-20,https://www.factcheck.org/UploadedFiles/2017/04/Cassidy.png,Fox News interview,http://schema.org/CreativeWork,Spins the Facts,11,https://s3.amazonaws.com/share-the-facts/rating_images/factcheck.org/spins.png,2,1,http://schema.org/Rating,,https://www.factcheck.org/2017/11/cassidys-health-care-premium-spin/
66,https://cdn.factcheck.org/UploadedFiles/2013/04/TransparentWebLogo.png,FactCheck.org,https://www.factcheck.org/,http://schema.org/Organization,“We provide tax relief at every level under the House tax reform plan that we passed.”,2017-11-29 21:40:54 UTC,"Chairman, House Ways and Means Committee",Rep. Kevin Brady,https://kevinbrady.house.gov/,http://schema.org/Person,2017-11-26,https://www.factcheck.org/UploadedFiles/2017/11/Kevin-Brady.png,Fox News interview,http://schema.org/CreativeWork,Misleading,11,https://s3.amazonaws.com/share-the-facts/rating_images/factcheck.org/misleading.png,6,1,http://schema.org/Rating,,https://www.factcheck.org/2017/11/cherry-picking-tax-cut-estimates/
67,https://cdn.factcheck.org/UploadedFiles/2013/04/TransparentWebLogo.png,FactCheck.org,https://www.factcheck.org/,http://schema.org/Organization,“Canada legalizes euthanasia for parents to kill their disabled kids.”,2017-11-29 20:59:07 UTC,–,Various websites,yournewswire.com,http://schema.org/Person,2017-11-22,https://www.factcheck.org/UploadedFiles/2017/07/Fake-News-widget.png,,http://schema.org/CreativeWork,False,11,https://s3.amazonaws.com/share-the-facts/rating_images/factcheck.org/false.png,7,1,http://schema.org/Rating,,https://www.factcheck.org/2017/11/no-child-euthanasia-canada/
68,https://cdn.factcheck.org/UploadedFiles/2013/04/TransparentWebLogo.png,FactCheck.org,http://www.factcheck.org/,http://schema.org/Organization,"The Republican tax plans are ""going to be a job-killer.”",2017-11-29 23:55:19 UTC,Democratic Minority Leader,Rep. Nancy Pelosi,https://pelosi.house.gov/,http://schema.org/Person,2017-11-26,https://cdn.factcheck.org/UploadedFiles/Pelosi3.png,"NBC's ""Meet the Press""",http://schema.org/CreativeWork,Misleading,11,https://s3.amazonaws.com/share-the-facts/rating_images/factcheck.org/misleading.png,6,1,http://schema.org/Rating,,http://factcheck.org/2017/11/pelosis-misleading-job-killer-claim/
69,https://cdn.factcheck.org/UploadedFiles/2013/04/TransparentWebLogo.png,FactCheck.org,https://www.factcheck.org/,http://schema.org/Organization,“Muslim migrant beats up Dutch boy on crutches!”,2017-11-30 14:16:22 UTC,Deputy leader of Britain First and U.S. president,Jayda Fransen and Donald Trump,https://www.whitehouse.gov/administration/president-trump,http://schema.org/Person,2017-11-29,https://www.factcheck.org/UploadedFiles/2017/01/Trump-new-widget.png,Twitter (Fransen tweet and Trump retweet),http://schema.org/CreativeWork,False,11,https://s3.amazonaws.com/share-the-facts/rating_images/factcheck.org/false.png,7,1,http://schema.org/Rating,,https://www.factcheck.org/2017/11/trump-spreads-false-anti-muslim-tweet/
70,https://cdn.factcheck.org/UploadedFiles/2013/04/TransparentWebLogo.png,FactCheck.org,http://www.factcheck.org/,http://schema.org/Organization,"The Republican tax plan in Congress ""is going to cost me a fortune"" in higher taxes.",2017-11-30 23:37:35 UTC,President of the United States,Donald Trump,https://www.whitehouse.gov/administration/president-trump,http://schema.org/Person,2017-11-29,https://cdn.factcheck.org/UploadedFiles/Trump-new-widget.png,Speech in Missouri,http://schema.org/CreativeWork,He's Likely To Benefit,-1,https://dhpikd1t89arn.cloudfront.net/custom-rating/custom-ratings-e74cf0aa-e19b-4093-9240-2a4c6254307e,-1,-1,http://schema.org/Rating,,http://www.factcheck.org/2017/11/trump-likely-benefits-tax-bills/
71,https://cdn.factcheck.org/UploadedFiles/2013/04/TransparentWebLogo.png,FactCheck.org,https://www.factcheck.org/,http://schema.org/Organization,The National Rifle Association “loses as many races as it wins.”,2017-10-04 22:53:21 UTC,U.S. Senator,Chris Murphy,https://www.murphy.senate.gov/,http://schema.org/Person,2017-10-02,https://www.factcheck.org/UploadedFiles/2017/03/Chris-Murphy.png,Washington Post op-ed,http://schema.org/CreativeWork,Cherry Picks,11,https://s3.amazonaws.com/share-the-facts/rating_images/factcheck.org/cherrypicks.png,10,1,http://schema.org/Rating,,https://www.factcheck.org/2017/10/murphy-misses-nra-track-record/
72,https://cdn.factcheck.org/UploadedFiles/2013/04/TransparentWebLogo.png,FactCheck.org,https://www.factcheck.org/,http://schema.org/Organization,Sen. Bob Corker “gave us the Iran Deal.”,2017-10-09 22:53:35 UTC,President of the United States,Donald Trump,https://www.whitehouse.gov/administration/president-trump,http://schema.org/Person,2017-10-08,https://www.factcheck.org/UploadedFiles/2017/01/Trump-new-widget.png,Twitter,http://schema.org/CreativeWork,Misleading,11,https://s3.amazonaws.com/share-the-facts/rating_images/factcheck.org/misleading.png,6,1,http://schema.org/Rating,,https://www.factcheck.org/2017/10/trump-misleads-corker/
73,https://cdn.factcheck.org/UploadedFiles/2013/04/TransparentWebLogo.png,FactCheck.org,https://www.factcheck.org/,http://schema.org/Organization,Teamsters’ strike in Puerto Rico slowed relief after Hurricane Maria.,2017-10-10 19:21:10 UTC,–,Multiple websites,theconservativetreehouse.com,http://schema.org/Person,2017-09-30,https://www.factcheck.org/UploadedFiles/2017/07/Fake-News-widget.png,Multiple websites,http://schema.org/CreativeWork,False,11,https://s3.amazonaws.com/share-the-facts/rating_images/factcheck.org/false.png,7,1,http://schema.org/Rating,,https://www.factcheck.org/2017/10/puerto-rican-teamsters-stories-bogus/
74,https://cdn.factcheck.org/UploadedFiles/2013/04/TransparentWebLogo.png,FactCheck.org,http://www.factcheck.org/,http://schema.org/Organization,Says the GOP plan raises “middle class” taxes by $470 billion.,2017-10-12 19:25:08 UTC,House Minority Leader,Nancy Pelosi,https://pelosi.house.gov/,http://schema.org/Person,2017-10-05,https://www.factcheck.org/UploadedFiles/2013/03/Pelosi.png,House floor,http://schema.org/CreativeWork,Spins the Facts,11,https://s3.amazonaws.com/share-the-facts/rating_images/factcheck.org/spins.png,2,1,http://schema.org/Rating,,http://www.factcheck.org/2017/10/tax-hike-benefit-middle-class/
75,https://cdn.factcheck.org/UploadedFiles/2013/04/TransparentWebLogo.png,FactCheck.org,http://www.factcheck.org/,http://schema.org/Organization,Says “everybody’s gonna benefit” from his tax plan.,2017-10-12 19:28:35 UTC,President of the United States,Donald Trump,https://www.whitehouse.gov/,http://schema.org/Person,2017-10-07,https://www.factcheck.org/UploadedFiles/2016/04/Trump-Widget.jpg,TV interview,http://schema.org/CreativeWork,False,11,https://s3.amazonaws.com/share-the-facts/rating_images/factcheck.org/false.png,7,1,http://schema.org/Rating,,http://www.factcheck.org/2017/10/tax-hike-benefit-middle-class/
76,https://cdn.factcheck.org/UploadedFiles/2013/04/TransparentWebLogo.png,FactCheck.org,https://www.factcheck.org/,http://schema.org/Organization,“President Trump Signs Executive Order Stripping NFL Of ‘Non-Profit’ Status”,2017-10-12 22:51:19 UTC,–,Multiple websites,http://freedumjunkshun.com/,http://schema.org/Person,2017-10-09,https://www.factcheck.org/UploadedFiles/2017/07/Fake-News-widget.png,Multiple websites,http://schema.org/CreativeWork,False,11,https://s3.amazonaws.com/share-the-facts/rating_images/factcheck.org/false.png,7,1,http://schema.org/Rating,,https://www.factcheck.org/2017/10/trump-didnt-change-nfl-tax-status/
77,https://cdn.factcheck.org/UploadedFiles/2013/04/TransparentWebLogo.png,FactCheck.org,https://www.factcheck.org/,http://schema.org/Organization,"Iran “has committed multiple violations” of the nuclear deal, specifically on heavy water limits, military inspections and advanced centrifuges.",2017-10-14 14:45:46 UTC,President of the United States,Donald Trump,https://www.whitehouse.gov/administration/president-trump,http://schema.org/Person,2017-10-13,https://www.factcheck.org/UploadedFiles/2017/01/Trump-new-widget.png,White House,http://schema.org/CreativeWork,Not the Whole Story,11,https://s3.amazonaws.com/share-the-facts/rating_images/factcheck.org/notthewholestory.png,4,1,http://schema.org/Rating,,https://www.factcheck.org/2017/10/trump-irans-multiple-violations/
78,https://cdn.factcheck.org/UploadedFiles/2013/04/TransparentWebLogo.png,FactCheck.org,https://www.factcheck.org/,http://schema.org/Organization,Seahawks player “was captured on camera burning an American flag.”,2017-10-17 18:32:19 UTC,–,Multiple websites,defendrace.co,http://schema.org/Person,2017-10-10,https://www.factcheck.org/UploadedFiles/2017/07/Fake-News-widget.png,,http://schema.org/CreativeWork,False,11,https://s3.amazonaws.com/share-the-facts/rating_images/factcheck.org/false.png,7,1,http://schema.org/Rating,,https://www.factcheck.org/2017/10/seahawks-players-didnt-burn-flag/
79,https://cdn.factcheck.org/UploadedFiles/2013/04/TransparentWebLogo.png,FactCheck.org,https://www.factcheck.org/,http://schema.org/Organization,“San Juan City Council votes unanimously to impeach Trump-hating mayor.”,2017-10-18 17:37:11 UTC,–,Various websites,www.dailyfeed.news,http://schema.org/Person,2017-10-12,https://www.factcheck.org/UploadedFiles/2017/07/Fake-News-widget.png,,http://schema.org/CreativeWork,False,11,https://s3.amazonaws.com/share-the-facts/rating_images/factcheck.org/false.png,7,1,http://schema.org/Rating,,https://www.factcheck.org/2017/10/san-juan-mayor-wasnt-impeached/
80,https://cdn.factcheck.org/UploadedFiles/2013/04/TransparentWebLogo.png,FactCheck.org,http://www.factcheck.org/,http://schema.org/Organization,"Said “more than 30 million” small businesses get “a 40 percent cut"" in their tax rate.",2017-10-18 20:49:56 UTC,President of the United States,Donald Trump,https://www.whitehouse.gov/,http://schema.org/Person,2017-10-11,https://www.factcheck.org/UploadedFiles/2016/04/Trump-Widget.jpg,"Harrisburg, Pennsylvania",http://schema.org/CreativeWork,False,11,https://s3.amazonaws.com/share-the-facts/rating_images/factcheck.org/false.png,7,1,http://schema.org/Rating,,http://www.factcheck.org/2017/10/trump-exaggerates-small-business-tax-cuts/
81,https://cdn.factcheck.org/UploadedFiles/2013/04/TransparentWebLogo.png,FactCheck.org,https://www.factcheck.org/,http://schema.org/Organization,Denied he ever called Social Security a “Ponzi scheme.”,2017-10-19 21:14:55 UTC,U.S. Senator,Ted Cruz,https://www.cruz.senate.gov/,http://schema.org/Person,2017-10-18,https://www.factcheck.org/UploadedFiles/2016/05/Cruz10.png,CNN town hall debate,http://schema.org/CreativeWork,Misleading,11,https://s3.amazonaws.com/share-the-facts/rating_images/factcheck.org/misleading.png,6,1,http://schema.org/Rating,,https://www.factcheck.org/2017/10/cruz-social-security-ponzi-scheme/
82,https://cdn.factcheck.org/UploadedFiles/2013/04/TransparentWebLogo.png,FactCheck.org,https://www.factcheck.org/,http://schema.org/Organization,“Lobbyist Ed Gillespie Fought to give billions to Wall Street Banks.”,2017-10-20 23:05:27 UTC,Democratic candidate for governor,Ralph Northam,https://ralphnortham.com/,http://schema.org/Person,2017-10-09,https://www.factcheck.org/UploadedFiles/2017/10/Northam-widget.png,TV ad,http://schema.org/CreativeWork,Misleading,11,https://s3.amazonaws.com/share-the-facts/rating_images/factcheck.org/misleading.png,6,1,http://schema.org/Rating,,https://www.factcheck.org/2017/10/groundhog-friday-trump-edition/
83,https://cdn.factcheck.org/UploadedFiles/2013/04/TransparentWebLogo.png,FactCheck.org,https://www.factcheck.org/,http://schema.org/Organization,Democratic obstruction is the reason why President Trump has had far fewer nominees confirmed compared with his predecessors.,2017-10-23 18:22:12 UTC,President of the United States,Donald Trump,https://www.whitehouse.gov/administration/president-trump,http://schema.org/Person,2017-10-16,https://www.factcheck.org/UploadedFiles/2017/01/Trump-new-widget.png,Press conference,http://schema.org/CreativeWork,Not the Whole Story,11,https://s3.amazonaws.com/share-the-facts/rating_images/factcheck.org/notthewholestory.png,4,1,http://schema.org/Rating,,https://www.factcheck.org/2017/10/whos-blame-slow-confirmations/
84,https://cdn.factcheck.org/UploadedFiles/2013/04/TransparentWebLogo.png,FactCheck.org,https://www.factcheck.org/,http://schema.org/Organization,“Now all Americans will be microchipped on the will of police.”,2017-10-24 20:08:35 UTC,–,Various websites,www.viralnewsnetwork.net,http://schema.org/Person,2017-10-22,https://www.factcheck.org/UploadedFiles/2017/07/Fake-News-widget.png,,http://schema.org/CreativeWork,False,11,https://s3.amazonaws.com/share-the-facts/rating_images/factcheck.org/false.png,7,1,http://schema.org/Rating,,https://www.factcheck.org/2017/10/no-microchips-americans/
85,https://cdn.factcheck.org/UploadedFiles/2013/04/TransparentWebLogo.png,FactCheck.org,https://www.factcheck.org/,http://schema.org/Organization,“BREAKING: 2 Democrat Congressmen On ISIS Payroll Arrested For Treason.”,2017-10-26 18:13:05 UTC,–,Various websites,nunadisbereel.com,http://schema.org/Person,2017-09-03,https://www.factcheck.org/UploadedFiles/2017/07/Fake-News-widget.png,,http://schema.org/CreativeWork,False,11,https://s3.amazonaws.com/share-the-facts/rating_images/factcheck.org/false.png,7,1,http://schema.org/Rating,,https://www.factcheck.org/2017/10/no-isis-arrests-congress/
86,https://cdn.factcheck.org/UploadedFiles/2013/04/TransparentWebLogo.png,FactCheck.org,https://www.factcheck.org/,http://schema.org/Organization,“Robert Mueller resigns after Clinton and Obama’s treachery is revealed.”,2017-10-27 18:47:50 UTC,Website,Freedum Junkshun,freedumjunkshun.com,http://schema.org/Person,2017-10-25,https://www.factcheck.org/UploadedFiles/2017/07/Fake-News-widget.png,,http://schema.org/CreativeWork,False,11,https://s3.amazonaws.com/share-the-facts/rating_images/factcheck.org/false.png,7,1,http://schema.org/Rating,,https://www.factcheck.org/2017/10/peddling-mueller-misinformation/
87,https://cdn.factcheck.org/UploadedFiles/2013/04/TransparentWebLogo.png,FactCheck.org,https://www.factcheck.org/,http://schema.org/Organization,"“Few people [at the Trump campaign] knew the young, low level volunteer named George” Papadopoulos.",2017-10-31 21:36:35 UTC,President of the United States,Donald Trump,https://www.whitehouse.gov/administration/president-trump,http://schema.org/Person,2017-10-31,https://www.factcheck.org/UploadedFiles/2017/01/Trump-new-widget.png,Twitter,http://schema.org/CreativeWork,Not the Whole Story,11,https://s3.amazonaws.com/share-the-facts/rating_images/factcheck.org/notthewholestory.png,4,1,http://schema.org/Rating,,https://www.factcheck.org/2017/10/papadopoulos-low-level-volunteer/
88,https://cdn.factcheck.org/UploadedFiles/2013/04/TransparentWebLogo.png,FactCheck.org,https://www.factcheck.org/,http://schema.org/Organization,“Black Lives Matter THUGS Blocking Emergency Crews From Reaching Hurricane Victims.”,2017-09-01 22:06:24 UTC,–,Multiple websites,,http://schema.org/Person,2017-08-26,https://www.factcheck.org/UploadedFiles/2017/07/Fake-News-widget.png,Multiple websites,http://schema.org/CreativeWork,False,11,https://s3.amazonaws.com/share-the-facts/rating_images/factcheck.org/false.png,7,1,http://schema.org/Rating,http://webcache.googleusercontent.com/search?q=cache:jJQFjqeMrEIJ:ourlandofthefree.com/2017/08/black-lives-matter-thugs-blocking-emergency-crews-from-reaching-hurricane-victims/+&cd=1&hl=en&ct=clnk&gl=us,https://www.factcheck.org/2017/09/black-lives-matter-blocked-hurricane-relief/
89,https://cdn.factcheck.org/UploadedFiles/2013/04/TransparentWebLogo.png,FactCheck.org,https://www.factcheck.org/,http://schema.org/Organization,Katie Couric canceled an interview with Hillary Clinton because Clinton called former President Obama a racial slur.,2017-09-03 13:09:02 UTC,–,Multiple websites,,http://schema.org/Person,2017-08-24,https://www.factcheck.org/UploadedFiles/2017/07/Fake-News-widget.png,Multiple websites,http://schema.org/CreativeWork,False,11,https://s3.amazonaws.com/share-the-facts/rating_images/factcheck.org/false.png,7,1,http://schema.org/Rating,http://webcache.googleusercontent.com/search?q=cache:twYwO36I_REJ:ourlandofthefree.com/2017/08/katie-couric-speaks-out-on-canceling-clinton-interview-it-was-over-when-she-called-him-the-n-word/+&cd=1&hl=en&ct=clnk&gl=us,https://www.factcheck.org/2017/09/katie-couric-didnt-cancel-clinton-interview/
90,https://cdn.factcheck.org/UploadedFiles/2013/04/TransparentWebLogo.png,FactCheck.org,https://www.factcheck.org/,http://schema.org/Organization,“Most economists believe that over 70 percent of corporate taxes are paid for by the workers.”,2017-09-07 21:35:43 UTC,Secretary of the Treasury,Steven Mnuchin,,http://schema.org/Person,2017-09-03,https://www.factcheck.org/UploadedFiles/2017/09/Mnuchin.png,Fox News Sunday,http://schema.org/CreativeWork,Exaggerates,11,https://s3.amazonaws.com/share-the-facts/rating_images/factcheck.org/exag.png,8,1,http://schema.org/Rating,http://www.foxnews.com/transcript/2017/09/03/sec-mnuchin-talks-cutting-off-north-korea-economically.html,https://www.factcheck.org/2017/09/benefits-corporate-tax-cut/
91,https://cdn.factcheck.org/UploadedFiles/2013/04/TransparentWebLogo.png,FactCheck.org,https://www.factcheck.org/,http://schema.org/Organization,“Clinton Foundations [sic] Sends Water To Houston…For $7 A Bottle.”,2017-09-08 18:14:54 UTC,Website,ourlandofthefree.com,,http://schema.org/Person,2017-08-30,https://www.factcheck.org/UploadedFiles/2017/07/Fake-News-widget.png,ourlandofthefree.com,http://schema.org/CreativeWork,False,11,https://s3.amazonaws.com/share-the-facts/rating_images/factcheck.org/false.png,7,1,http://schema.org/Rating,http://webcache.googleusercontent.com/search?q=cache:WgKraOPpMQ4J:ourlandofthefree.com/2017/08/breaking-clinton-foundations-sends-water-to-houston-for-7-a-bottle/+&cd=1&hl=en&ct=clnk&gl=us,https://www.factcheck.org/2017/09/clinton-foundation-isnt-charging-fema/
92,https://cdn.factcheck.org/UploadedFiles/2013/04/TransparentWebLogo.png,FactCheck.org,https://www.factcheck.org/,http://schema.org/Organization,"There is “proof” that a U.S. Senate race in New Hampshire “was likely changed through voter fraud on November 8, 2016.”",2017-09-11 22:14:30 UTC,Vice chairman of the Presidential Commission on Election Integrity,Kris Kobach,,http://schema.org/Person,2017-09-07,https://www.factcheck.org/UploadedFiles/2017/09/Kobach.png,Breitbart op-ed,http://schema.org/CreativeWork,Unsupported,11,https://s3.amazonaws.com/share-the-facts/rating_images/factcheck.org/unsupported.png,1,1,http://schema.org/Rating,http://www.breitbart.com/big-government/2017/09/07/exclusive-kobach-out-of-state-voters-changed-outcome-new-hampshire-senate-race/,https://www.factcheck.org/2017/09/kobachs-bogus-proof-voter-fraud/
93,https://cdn.factcheck.org/UploadedFiles/2013/04/TransparentWebLogo.png,FactCheck.org,https://www.factcheck.org/,http://schema.org/Organization,"President Donald Trump’s deal with Democratic leaders “basically freezes last year’s funding in place, which is a cut of $52 billion” in the defense budget.",2017-09-12 19:21:45 UTC,U.S. Senator,John McCain,,http://schema.org/Person,2017-09-10,https://www.factcheck.org/UploadedFiles/2014/10/McCain-Ebola.jpg,CNN’s State of the Union,http://schema.org/CreativeWork,False,11,https://s3.amazonaws.com/share-the-facts/rating_images/factcheck.org/false.png,7,1,http://schema.org/Rating,http://transcripts.cnn.com/TRANSCRIPTS/1709/10/sotu.01.html,https://www.factcheck.org/2017/09/explaining-mccains-defense-cut/
94,https://cdn.factcheck.org/UploadedFiles/2013/04/TransparentWebLogo.png,FactCheck.org,https://www.factcheck.org/,http://schema.org/Organization,“University Will Give Black Students Free Tuition As Apology For Slavery”,2017-09-13 17:28:16 UTC,Website,therightwingportal.com,,http://schema.org/Person,2017-09-06,https://www.factcheck.org/UploadedFiles/2017/07/Fake-News-widget.png,therightwingportal.com,http://schema.org/CreativeWork,False,11,https://s3.amazonaws.com/share-the-facts/rating_images/factcheck.org/false.png,7,1,http://schema.org/Rating,http://webcache.googleusercontent.com/search?q=cache:taxTA_757aIJ:www.therightwingportal.com/black-students-free-tuition/+&cd=1&hl=en&ct=clnk&gl=us,https://www.factcheck.org/2017/09/false-headline-free-tuition/
95,https://cdn.factcheck.org/UploadedFiles/2013/04/TransparentWebLogo.png,FactCheck.org,https://www.factcheck.org/,http://schema.org/Organization,Ralph Northam “helped lead” a state agency “that gave $1.4 million to a Chinese company” that “ripped off” taxpayers.,2017-09-25 18:22:18 UTC,GOP gubernatorial candidate in Virginia,Ed Gillespie,,http://schema.org/Person,2017-09-15,https://www.factcheck.org/UploadedFiles/2017/09/Gillespie-widget.png,TV ad,http://schema.org/CreativeWork,Lacks Context,-1,https://dhpikd1t89arn.cloudfront.net/custom-rating/custom-ratings-54286308-ecf4-4772-bee5-2aa20ee28a84,-1,-1,http://schema.org/Rating,https://www.youtube.com/watch?v=aZqCL69P5CM,https://www.factcheck.org/2017/09/china-ads-virginia-race-omit/
96,https://cdn.factcheck.org/UploadedFiles/2013/04/TransparentWebLogo.png,FactCheck.org,https://www.factcheck.org/,http://schema.org/Organization,Ralph Northam “skipped 58% of the meetings at Virginia’s economic development agency.”,2017-09-25 18:08:10 UTC,GOP gubernatorial candidate in Virginia,Ed Gillespie,,http://schema.org/Person,2017-09-15,https://www.factcheck.org/UploadedFiles/2017/09/Gillespie-widget.png,TV ad,http://schema.org/CreativeWork,Not the Whole Story,11,https://s3.amazonaws.com/share-the-facts/rating_images/factcheck.org/notthewholestory.png,4,1,http://schema.org/Rating,https://www.youtube.com/watch?v=RqUQIZr3jcU,https://www.factcheck.org/2017/09/china-ads-virginia-race-omit/
97,https://cdn.factcheck.org/UploadedFiles/2013/04/TransparentWebLogo.png,FactCheck.org,https://www.factcheck.org/,http://schema.org/Organization,“BREAKING: American Judge Just Banned Sharia Law In All 50 States.”,2017-09-26 13:01:26 UTC,Website,usaviralnews.info,,http://schema.org/Person,2017-09-15,https://www.factcheck.org/UploadedFiles/2017/07/Fake-News-widget.png,usaviralnews.info,http://schema.org/CreativeWork,False,11,https://s3.amazonaws.com/share-the-facts/rating_images/factcheck.org/false.png,7,1,http://schema.org/Rating,http://usaviralnews.info/breaking-american-judge-just-banned-sharia-law-in-all-50-states-do-you-support-this/,https://www.factcheck.org/2017/09/no-nationwide-sharia-ban/
98,https://cdn.factcheck.org/UploadedFiles/2013/04/TransparentWebLogo.png,FactCheck.org,https://www.factcheck.org/,http://schema.org/Organization,“The world is starting to respect the United States of America again.”,2017-09-26 19:09:15 UTC,President of the United States,Donald Trump,,http://schema.org/Person,2017-09-22,https://www.factcheck.org/UploadedFiles/2017/01/Trump-new-widget.png,Campaign speech in Alabama,http://schema.org/CreativeWork,Global Surveys Suggest Not,-1,https://dhpikd1t89arn.cloudfront.net/custom-rating/custom-ratings-dca6b853-aa0a-4743-b014-88a6b66cd8bc,-1,-1,http://schema.org/Rating,https://www.c-span.org/video/?434480-1/president-trump-campaigns-alabama-senator-luther-strange&start=749,https://www.factcheck.org/2017/09/world-opinion-trump-u-s/
99,https://cdn.factcheck.org/UploadedFiles/2013/04/TransparentWebLogo.png,FactCheck.org,https://www.factcheck.org/,http://schema.org/Organization,Virginia Lt. Gov. Ralph Northam was the “deciding vote” in “favor of sanctuary cities that let dangerous illegal immigrants back on the streets.”,2017-09-27 13:40:06 UTC,GOP gubernatorial candidate in Virginia,Ed Gillespie,,http://schema.org/Person,2017-09-20,https://www.factcheck.org/UploadedFiles/2017/09/Gillespie-widget.png,TV ad,http://schema.org/CreativeWork,Misleading,11,https://s3.amazonaws.com/share-the-facts/rating_images/factcheck.org/misleading.png,6,1,http://schema.org/Rating,https://edforvirginia.com/2017/09/20/gillespie-campaign-launches-new-tv-ad-safer-communities/,https://www.factcheck.org/2017/09/ed-gillespies-sanctuary-cities-attacks/
