,author.properties.name,author.type,claimReviewed,dateModified,datePublished,description,headline,image.properties.height,image.properties.url,image.properties.width,image.type,itemReviewed.properties.author.properties.name,itemReviewed.properties.author.properties.sameAs,itemReviewed.properties.author.type,itemReviewed.properties.datePublished,itemReviewed.type,reviewRating.properties.alternateName,reviewRating.properties.bestRating,reviewRating.properties.ratingValue,reviewRating.properties.worstRating,reviewRating.type,url
0,Snopes,http://schema.org/Organization,"After a gunman killed schoolchildren and a teacher in Scotland in 1996, the UK banned handguns; no school shootings have taken place there since.",2018-02-16T12:49:49+00:00,2018-02-16T12:46:29+00:00,,No School Shootings in the United Kingdom Since Handguns Were Banned?,452,"https://us-east-1.tchyn.io/snopes-production/uploads/2017/04/shutterstock_126668459.jpg?resize=865,452",865,http://schema.org/ImageObject,Internet,,http://schema.org/Organization,2018-02-16T12:46:29+00:00,http://schema.org/CreativeWork,TRUE,-1,-1,-1,http://schema.org/Rating,https://www.snopes.com/dunblane-school-shootings-ban/
1,Snopes,http://schema.org/Organization,The gunman suspected of killing at least seventeen people at a school in Florida in February 2018 was a registered Democrat.,2018-02-16T09:49:10+00:00,2018-02-16T09:49:02+00:00,,Was the Florida School Shooter a Registered Democrat?,452,"https://us-east-1.tchyn.io/snopes-production/uploads/2018/02/democrat_republican_feature.jpg?resize=865,452",865,http://schema.org/ImageObject,Internet,,http://schema.org/Organization,2018-02-16T09:49:02+00:00,http://schema.org/CreativeWork,FALSE,-1,-1,-1,http://schema.org/Rating,https://www.snopes.com/was-florida-school-shooter-democrat/
2,Snopes,http://schema.org/Organization,"An Instagram account linked to suspected shooter Nikolas Cruz featured an avatar that included a ""MAGA"" hat.",2018-02-15T14:52:36+00:00,2018-02-15T14:39:11+00:00,,Did the Florida Shooter’s Instagram Profile Picture Feature a ‘MAGA’ Hat?,452,"https://us-east-1.tchyn.io/snopes-production/uploads/2018/02/MAGA_make_america_great_again_hats_feature.jpg?resize=865,452",865,http://schema.org/ImageObject,Internet,,http://schema.org/Organization,2018-02-15T14:39:11+00:00,http://schema.org/CreativeWork,TRUE,-1,-1,-1,http://schema.org/Rating,https://www.snopes.com/did-shooters-instagram-picture-maga-hat/
3,Snopes,http://schema.org/Organization,President Trump signed a bill blocking Obama-era background checks on guns for people with mental illnesses.,2018-02-15T12:46:05+00:00,2018-02-15T12:09:44+00:00,,Did President Trump Revoke Gun Background Checks for Mentally Ill People?,452,"https://us-east-1.tchyn.io/snopes-production/uploads/2018/02/donald_trump_revoke_laws_feature.jpg?resize=865,452",865,http://schema.org/ImageObject,Internet,,http://schema.org/Organization,2018-02-15T12:09:44+00:00,http://schema.org/CreativeWork,MOSTLY TRUE,-1,-1,-1,http://schema.org/Rating,https://www.snopes.com/trump-sign-bill-revoking-obama-era-gun-checks-people-mental-illnesses/
4,Snopes,http://schema.org/Organization,A photograph shows Florida school shooter Nikolas Cruz wearing an antifa t-shirt.,2018-02-15T11:38:31+00:00,2018-02-15T13:01:47+00:00,,Is This the Florida Shooter in an Antifa Shirt?,452,"https://us-east-1.tchyn.io/snopes-production/uploads/2018/02/is_this_nicholas_cruz_antifa_shirt_tweet.jpg?resize=865,452",865,http://schema.org/ImageObject,Internet,,http://schema.org/Organization,2018-02-15T13:01:47+00:00,http://schema.org/CreativeWork,FALSE,-1,-1,-1,http://schema.org/Rating,https://www.snopes.com/florida-shooter-antifa-shirt/
5,Snopes,http://schema.org/Organization,"The accused school shooter in Florida is a Dreamer, a DACA recipient, or undocumented.",2018-02-14T18:52:17+00:00,2018-02-14T18:51:24+00:00,,Is the Florida High School Shooter a ‘Dreamer’?,452,"https://us-east-1.tchyn.io/snopes-production/uploads/2018/02/stoneman_shooting_DACA_dreamer_tweet.jpg?resize=865,452",865,http://schema.org/ImageObject,Internet,,http://schema.org/Organization,2018-02-14T18:51:24+00:00,http://schema.org/CreativeWork,FALSE,-1,-1,-1,http://schema.org/Rating,https://www.snopes.com/florida-high-school-shooter-dreamer/
6,Snopes,http://schema.org/Organization,A video shows Muslim migrants destroying a car in Italy.,2018-02-13T16:14:19+00:00,2018-02-13T16:13:53+00:00,,Did Migrants Destroy a Car in Italy?,452,"https://us-east-1.tchyn.io/snopes-production/uploads/2018/02/film_crew_anti_muslim_video_capture.jpg?resize=865,452",865,http://schema.org/ImageObject,Internet,,http://schema.org/Organization,2018-02-13T16:13:53+00:00,http://schema.org/CreativeWork,FALSE,-1,-1,-1,http://schema.org/Rating,https://www.snopes.com/did-migrants-destroy-a-car-in-italy/
7,Snopes,http://schema.org/Organization,"The official portrait of former President Barack Obama contains secretly-placed images of sperm cells, including one on his forehead.",2018-02-13T15:44:46+00:00,2018-02-13T15:44:16+00:00,,Does Barack Obama’s Official Portrait Contain Secret Images of Sperm?,452,"https://us-east-1.tchyn.io/snopes-production/uploads/2018/02/sperm_head_obama_portrait_tweet.jpg?resize=865,452",865,http://schema.org/ImageObject,Internet,,http://schema.org/Organization,2018-02-13T15:44:16+00:00,http://schema.org/CreativeWork,FALSE,-1,-1,-1,http://schema.org/Rating,https://www.snopes.com/obama-official-portrait-sperm-cells/
8,Snopes,http://schema.org/Organization,Vice President Mike Pence said that White House aide Rob Porter's purported domestic abuse was supported by the Bible.,2018-02-13T09:17:44+00:00,2018-02-13T10:58:22+00:00,,Did Mike Pence Defend Rob Porter’s Domestic Abuse with a Bible Verse?,452,"https://us-east-1.tchyn.io/snopes-production/uploads/2018/02/pence_rob_porter_quote_facebook.jpg?resize=865,452",865,http://schema.org/ImageObject,Fox News the FB Page,https://www.tdtalliance.com/pence-softens-stance-porter-abuse-allegations/,http://schema.org/Organization,2018-02-13T10:58:22+00:00,http://schema.org/CreativeWork,FALSE,-1,-1,-1,http://schema.org/Rating,https://www.snopes.com/mike-pence-porter-bible/
9,Snopes,http://schema.org/Organization,An image shows Nancy Pelosi's mansion in San Francisco and the large wall that protects the estate.,2018-02-12T15:34:37+00:00,2018-02-12T18:24:26+00:00,,Is This a Wall Around Nancy Pelosi’s Home?,452,"https://us-east-1.tchyn.io/snopes-production/uploads/2018/02/nancy_pelosi_house_wall_meme.jpg?resize=865,452",865,http://schema.org/ImageObject,Internet,,http://schema.org/Organization,2018-02-12T18:24:26+00:00,http://schema.org/CreativeWork,FALSE,-1,-1,-1,http://schema.org/Rating,https://www.snopes.com/is-this-a-wall-around-nancy-pelosis-home/
10,Snopes,http://schema.org/Organization,Hillary Clinton said several insulting things about Michelle Obama in a leaked 20 October 2016 e-mail.							See Example( s ),2017-01-09T10:07:12+00:00,2017-01-09T00:00:00+00:00,An online image falsely claimed Hillary Clinton insulted the First Lady in an e-mail message purportedly published by WikiLeaks.,FLOTUS Fracas,452,"https://us-east-1.tchyn.io/snopes-production/uploads/2017/01/hillary_clinton_email_michelle_obama_fb.jpg?resize=865,452",865,http://schema.org/ImageObject,Powdered Wig Society,http://powderedwigsociety.com/,http://schema.org/Organization,2017-01-09T00:00:00+00:00,http://schema.org/CreativeWork,FALSE,-1,-1,-1,http://schema.org/Rating,https://www.snopes.com/hillary-clinton-trashed-michelle-obama-in-a-leaked-e-mail/
11,Snopes,http://schema.org/Organization,The missiles displayed during a North Korean military parade were fake.,2017-04-21T10:27:32+00:00,2017-04-21T10:26:41+00:00,"Although something may have appeared odd about weapons seen during a North Korean military parade, the claim that the country's missiles are fake is only speculation.",Did North Korea Display Fake Missiles During a Military Parade?,452,"https://us-east-1.tchyn.io/snopes-production/uploads/2017/04/North_Korea_attack_fb.jpg?resize=865,452",865,http://schema.org/ImageObject,Internet,,http://schema.org/Organization,2017-04-21T10:26:41+00:00,http://schema.org/CreativeWork,UNPROVEN,-1,-1,-1,http://schema.org/Rating,https://www.snopes.com/north-korea-fake-missiles/
12,Snopes,http://schema.org/Organization,"Due to a recent court ruling, It is now legal for women in the U.S. to display their breasts in public.",2017-04-19T13:58:50+00:00,2017-04-19T13:58:50+00:00,Reports that women in the U.S. can now go topless anywhere without fear of legal reprisal are not accurate.,Did a U.S. Federal Court Rule That Women are Free to Display Their Breasts in Public?,452,"https://us-east-1.tchyn.io/snopes-production/uploads/2017/04/topless_woman_fb.jpg?resize=865,452",865,http://schema.org/ImageObject,Awareness Act,http://awarenessact.com/united-states-federal-court-rules-females-are-free-to-display-their-breasts-in-public/,http://schema.org/Organization,1970-01-01T00:00:00+00:00,http://schema.org/CreativeWork,MOSTLY FALSE,-1,-1,-1,http://schema.org/Rating,https://www.snopes.com/breasts-in-public/
13,Snopes,http://schema.org/Organization,Greg Comer is battling cancer.,2017-04-25T10:22:05+00:00,2017-04-25T10:22:05+00:00,"A prayer chain for Comer was reposted in April 2017, more than six years after his death.",Is Greg Comer Battling Cancer?,452,"https://us-east-1.tchyn.io/snopes-production/uploads/2017/04/greg_comer_prayer_chain_facebook_feature.jpg?resize=865,452",865,http://schema.org/ImageObject,Internet,,http://schema.org/Organization,1970-01-01T00:00:00+00:00,http://schema.org/CreativeWork,OUTDATED,-1,-1,-1,http://schema.org/Rating,https://www.snopes.com/greg-comer-cancer-prayer/
14,Snopes,http://schema.org/Organization,Michelle Obama filed for divorce after discovering former President Barack Obama had a pregnant mistress.,2017-04-25T07:08:33+00:00,2017-04-25T07:07:31+00:00,A hoax news site used an old British tabloid photograph to claim that the former First Lady of the United States filed for divorce because her husband impregnated his mistress.,Did Michelle Obama File for Divorce over President Obama's Pregnant Mistress?,452,"https://us-east-1.tchyn.io/snopes-production/uploads/2017/03/malia_sasha_obama_fb.jpg?resize=865,452",865,http://schema.org/ImageObject,Last Line of Defense,http://thelastlineofdefense.org/breaking-michelle-obama-files-for-divorce-after-pics-of-baracks-pregnant-lover-go-public/,http://schema.org/Organization,2017-04-25T07:07:31+00:00,http://schema.org/CreativeWork,FALSE,-1,-1,-1,http://schema.org/Rating,https://www.snopes.com/obamas-divorce-pregnant-mistress/
15,Snopes,http://schema.org/Organization,Donald Trump donated Play-Doh brand modeling clay to Louisiana flood victims.,2017-08-31T13:08:55+00:00,2016-08-20T00:00:00+00:00,"Presidential candidate Donald Trump was criticized for donating Play-Doh to flood victims in need of food and water, but that wasn't the only item among his donations.","Donald Trump Donated Play-Doh, Other Items to Louisiana Flood Victims?",452,"https://us-east-1.tchyn.io/snopes-production/uploads/2016/08/Screenshot-2016-08-20-at-11.jpg?resize=829,452",865,http://schema.org/ImageObject,Internet,,http://schema.org/Organization,2016-08-20T00:00:00+00:00,http://schema.org/CreativeWork,MIXTURE,-1,-1,-1,http://schema.org/Rating,https://www.snopes.com/donald-trump-play-doh-lousiana/
16,Snopes,http://schema.org/Organization,A photograph shows two women holding anti-Father's Day signs in protest of that day's designation.,2017-08-31T12:45:41+00:00,2016-03-28T00:00:00+00:00,A photograph that shows two women protesting the observance of Father's Day is a digitally manipulated image.,Protests Seek to #EndFathersDay?,452,"https://us-east-1.tchyn.io/snopes-production/uploads/2016/03/Screenshot-2016-03-28-at-5.12.15-PM.png?resize=810,452",865,http://schema.org/ImageObject,America's Freedom Fighters,https://www.americasfreedomfighters.com/2017/08/28/abolish-fathers-day/,http://schema.org/Organization,2016-03-28T00:00:00+00:00,http://schema.org/CreativeWork,FALSE,-1,-1,-1,http://schema.org/Rating,https://www.snopes.com/fathers-day-protest-photo/
17,Snopes,http://schema.org/Organization,Floyd Mayweather (or Manny Pacquiao) donated a sizable sum of money to Hurricane Harvey relief efforts.,2017-08-29T12:34:31+00:00,2017-08-29T12:31:31+00:00,"A site posing as the Houston Chronicle claimed Mayweather was giving aid money to Hurricane Harvey victims, then a version about Manny Pacquiao surfaced.",Floyd Mayweather Jr. Donates a Whopping Sum of Money to Houston After Hurricane?,452,"https://us-east-1.tchyn.io/snopes-production/uploads/2017/08/mayweather_pacquiao_fb.jpg?resize=865,452",865,http://schema.org/ImageObject,houstonchronicle-tv.com,http://houstonchronicle-tv.com/floyd-mayweather-jr-donates-a-whopping-sum-of-money-to-houston-after-hurricane/,http://schema.org/Organization,2017-08-29T12:31:31+00:00,http://schema.org/CreativeWork,FALSE,-1,-1,-1,http://schema.org/Rating,https://www.snopes.com/floyd-mayweather-jr-donates-after-hurricane/
18,Snopes,http://schema.org/Organization,The 1987 film Back to the Future II correctly predicted that the Florida Marlins would win the 1997 World Series and that the Cubs would play Florida in the 2015 World Series.							See Example( s ),2016-10-22T19:53:40+00:00,1997-10-25T00:00:00+00:00,The 1989 film 'Back to the Future II' did not correctly predict Chicago would be the winner of a 2015 Cubs-Marlins World Series match-up.,Future Perfect,452,"https://us-east-1.tchyn.io/snopes-production/uploads/2013/04/cubs.jpg?resize=800,450",865,http://schema.org/ImageObject,Internet,,http://schema.org/Organization,1997-10-25T00:00:00+00:00,http://schema.org/CreativeWork,FALSE,-1,-1,-1,http://schema.org/Rating,https://www.snopes.com/sports/baseball/bttf2.asp
19,Snopes,http://schema.org/Organization,"Individuals fleeing danger can request to be ""unlisted"" in a hotel so no one can find them.							See Example( s )",2016-09-09T16:44:55+00:00,2016-09-09T00:00:00+00:00,"An internet rumor suggested that registering as ""unlisted"" in a hotel made guests ""untouchable,"" but we couldn't find evidence of any such universal policy.",No Tell Hotel,452,"https://us-east-1.tchyn.io/snopes-production/uploads/2016/09/Screen-Shot-2016-09-09-at-4.44.16-PM.png?resize=865,452",865,http://schema.org/ImageObject,Internet,,http://schema.org/Organization,2016-09-09T00:00:00+00:00,http://schema.org/CreativeWork,UNPROVEN,-1,-1,-1,http://schema.org/Rating,https://www.snopes.com/hiding-in-a-hotel-as-unlisted/
20,Snopes,http://schema.org/Organization,"People traveling to the United States under the Visa Waiver Program could be turned away due to new requirements involving biometric passports, or ePassports.							See Example( s )",2016-05-06T09:52:00+00:00,2016-05-06T00:00:00+00:00,"Under Department of Homeland Security guidelines implemented in April 2016, some visitors to the U.S. could be denied entry without biometric passports.",Visa Wavering,452,"https://us-east-1.tchyn.io/snopes-production/uploads/2016/05/biometric-passports-rule.jpg?resize=865,452",865,http://schema.org/ImageObject,Internet,,http://schema.org/Organization,2016-05-06T00:00:00+00:00,http://schema.org/CreativeWork,MOSTLY TRUE,-1,-1,-1,http://schema.org/Rating,https://www.snopes.com/biometric-passports/
21,Snopes,http://schema.org/Organization,A woman's obituary said that she chose death over the prospect of voting for either Donald Trump or Hillary Clinton.							See Example( s ),2016-05-18T10:29:43+00:00,2016-05-18T00:00:00+00:00,"The obituary of Mary Anne Noland, which said she chose death over the prospect of voting for either Donald Trump or Hillary Clinton, went viral in May 2016.","Clinton, Trump, or Death",452,"https://us-east-1.tchyn.io/snopes-production/uploads/2016/05/Obituary.jpg?resize=865,452",865,http://schema.org/ImageObject,Internet,,http://schema.org/Organization,2016-05-18T00:00:00+00:00,http://schema.org/CreativeWork,TRUE,-1,-1,-1,http://schema.org/Rating,https://www.snopes.com/obituary-trump-clinton/
22,Snopes,http://schema.org/Organization,"The PGA officially has changed the golf term ""a bad lie"" to ""a Hillary"" in honor of Arnold Palmer.",2016-10-12T11:25:38+00:00,2016-10-12T11:25:38+00:00,A political golf joke involving Arnold Palmer and Hillary Clinton was mistaken for real news by some readers.,A Bad Lie,452,"https://us-east-1.tchyn.io/snopes-production/uploads/2016/10/arnold-palmer.jpg?resize=865,452",865,http://schema.org/ImageObject,Internet,,http://schema.org/Organization,1970-01-01T00:00:00+00:00,http://schema.org/CreativeWork,FALSE,-1,-1,-1,http://schema.org/Rating,https://www.snopes.com/bad-lie-golf-joke/
23,Snopes,http://schema.org/Organization,"Native Americans derisively tagged a pandering U.S. politician with the name Walking Eagle because ""he's so full of crap he can't fly.""							See Example( s )",2014-06-26T20:36:48+00:00,2004-08-16T00:00:00+00:00,Joke about Native Americans who derisively tagged a pandering U.S. politician with the name Walking Eagle because 'he's so full of crap he can't fly.',Walking Eagle,452,"https://us-east-1.tchyn.io/snopes-production/uploads/2014/06/walkingeagle.jpg?resize=564,346",865,http://schema.org/ImageObject,Internet,,http://schema.org/Organization,2004-08-16T00:00:00+00:00,http://schema.org/CreativeWork,FALSE,-1,-1,-1,http://schema.org/Rating,https://www.snopes.com/politics/humor/eagle.asp
24,Snopes,http://schema.org/Organization,"An ""abortionist"" strangled an infant following a failed saline abortion, while other clinicians failed to intervene.							See Example( s )",2016-04-11T16:28:35+00:00,2016-04-11T00:00:00+00:00,A decades-old story of a doctor purportedly strangling a live infant after complications during a saline abortion was misleadingly shared across social media as news in April 2016.,'Abortionist Strangles Baby' Facebook Post,452,"https://us-east-1.tchyn.io/snopes-production/uploads/2016/04/%E2%80%98This_baby_won%E2%80%99t_stop_breathing_%E2%80%99__Abortionist_strangled_baby_born_alive_while_nurses_stood_and_watched___News___LifeSite.jpg?resize=849,452",865,http://schema.org/ImageObject,Internet,,http://schema.org/Organization,2016-04-11T00:00:00+00:00,http://schema.org/CreativeWork,MIXTURE,-1,-1,-1,http://schema.org/Rating,https://www.snopes.com/abortionist-strangled-baby-born-alive/
25,Snopes,http://schema.org/Organization,Green Party presidential candidate Dr. Jill Stein has stated that she opposes the use of vaccines.							See Example( s ),2016-07-28T17:13:53+00:00,2016-07-28T00:00:00+00:00,Dr. Jill Stein's popularity surge during the Democratic National Convention led to rumors that she opposes the use of vaccines.,Jill's Line,452,"https://us-east-1.tchyn.io/snopes-production/uploads/2016/07/jill-stein-vaccines.jpg?resize=764,376",865,http://schema.org/ImageObject,Internet,,http://schema.org/Organization,2016-07-28T00:00:00+00:00,http://schema.org/CreativeWork,FALSE,-1,-1,-1,http://schema.org/Rating,https://www.snopes.com/is-green-party-candidate-jill-stein-anti-vaccine/
26,Snopes,http://schema.org/Organization,The American Psychiatric Association condones pedophilia and says it is normal to be sexually attracted to children.,2016-04-29T15:32:08+00:00,2016-04-29T00:00:00+00:00,Blogs dug up an old and misleading article to falsely report that the American Psychiatric Association now condones pedophilia.,Shrink Rap,452,"https://us-east-1.tchyn.io/snopes-production/uploads/2016/04/american-psychiatric-organization-officially-condones-pedophilia.jpg?resize=810,452",865,http://schema.org/ImageObject,Internet,,http://schema.org/Organization,2016-04-29T00:00:00+00:00,http://schema.org/CreativeWork,FALSE,-1,-1,-1,http://schema.org/Rating,https://www.snopes.com/american-psychiatric-association-pedophilia/
27,Snopes,http://schema.org/Organization,Drivers in China commonly intentionally kill pedestrians in hit-and-run accidents.							See Example( s ),2015-09-11T14:35:24+00:00,2015-09-11T00:00:00+00:00,Do drivers in China commonly intentionally kill pedestrians in hit-and-run accidents?,Chinese Wreckers,452,"https://us-east-1.tchyn.io/snopes-production/uploads/2015/09/drivers-in-china-kill-pedestrians.png?resize=605,307",865,http://schema.org/ImageObject,Internet,,http://schema.org/Organization,2015-09-11T00:00:00+00:00,http://schema.org/CreativeWork,UNPROVEN,-1,-1,-1,http://schema.org/Rating,https://www.snopes.com/chinese-drivers-kill-pedestrians/
28,Snopes,http://schema.org/Organization,"The Dalai Lama described Donald Trump as ""worse than Hitler"" and a ""threat to humanity.""",2016-10-18T11:51:57+00:00,2016-10-18T00:00:00+00:00,"His Holiness has offered only superficial commentary about Donald Trump and has not denounced the GOP candidate as ""worse than Hitler"" or a ""threat to humanity.""",Dalai Shot,452,"https://us-east-1.tchyn.io/snopes-production/uploads/2016/10/dalai.jpg?resize=614,383",865,http://schema.org/ImageObject,Internet,,http://schema.org/Organization,2016-10-18T00:00:00+00:00,http://schema.org/CreativeWork,FALSE,-1,-1,-1,http://schema.org/Rating,https://www.snopes.com/dalai-lama-trump-worse-than-hitler/
29,Snopes,http://schema.org/Organization,Russian television host Dmitry Kiselyov exposed a plot to kill Donald Trump,2016-10-18T16:16:13+00:00,2016-10-18T00:00:00+00:00,"Infowars says Putin's ""chief propagandist"" exposed a plan to take out the GOP presidential nominee, but the report actually cited an op-ed questioning whether Trump was in danger.",From Russia with Trump,452,"https://us-east-1.tchyn.io/snopes-production/uploads/2016/10/Dmitry-Kiselyov-091416.jpg?resize=800,430",865,http://schema.org/ImageObject,Internet,,http://schema.org/Organization,2016-10-18T00:00:00+00:00,http://schema.org/CreativeWork,FALSE,-1,-1,-1,http://schema.org/Rating,https://www.snopes.com/russian-tv-host-reports-on-plot-to-kill-trump/
30,Snopes,http://schema.org/Organization,"Donald Trump said he would not accept the $400,000 annual president's salary if elected.",2016-10-18T16:24:49+00:00,2016-10-18T00:00:00+00:00,"Donald Trump said in 2015 that he would refuse the $400,000 annual president's salary if elected.",No Pay to Play,452,"https://us-east-1.tchyn.io/snopes-production/uploads/2016/09/donald-trump2.jpg?resize=800,452",865,http://schema.org/ImageObject,Internet,,http://schema.org/Organization,2016-10-18T00:00:00+00:00,http://schema.org/CreativeWork,TRUE,-1,-1,-1,http://schema.org/Rating,https://www.snopes.com/trump-refuse-salary/
31,Snopes,http://schema.org/Organization,A San Francisco tech company is a front for the web site that accused Julian Assange of pedophilia.,2016-10-19T20:59:33+00:00,2016-10-19T00:00:00+00:00,"A software start-up has been accused of framing the WikiLeaks founder, but the CEO says confusion stemmed from an address mix-up.",False Premise,452,"https://us-east-1.tchyn.io/snopes-production/uploads/2016/10/wikileaks-hillary-clinton-sold-weapons-to-ISIS.jpg?resize=865,452",865,http://schema.org/ImageObject,Internet,,http://schema.org/Organization,2016-10-19T00:00:00+00:00,http://schema.org/CreativeWork,FALSE,-1,-1,-1,http://schema.org/Rating,https://www.snopes.com/san-francisco-tech-assange/
32,Snopes,http://schema.org/Organization,Yosemite Sam has been banned from television because his use of guns is offensive and a poor influence on children.							See Example( s ),2016-06-01T09:46:48+00:00,2016-06-01T00:00:00+00:00,A Facebook meme falsely claims the Looney Tunes character Yosemite Sam has been banned from television due to his use of guns and violence.,Yosemite Scam,452,"https://us-east-1.tchyn.io/snopes-production/uploads/2016/06/yosemite-sam-banned.jpg?resize=865,452",865,http://schema.org/ImageObject,Internet,,http://schema.org/Organization,2016-06-01T00:00:00+00:00,http://schema.org/CreativeWork,FALSE,-1,-1,-1,http://schema.org/Rating,https://www.snopes.com/yosemite-sam-banned/
33,Snopes,http://schema.org/Organization,"Moderator Chris Wallace received a ""cease and desist"" letter from Trump about groping allegations in the midst of a presidential debate.",2016-10-20T10:45:32+00:00,2016-10-20T00:00:00+00:00,A report that moderator Chris Wallace received a legal warning from Trump not to mention groping incidents in the midst of the third presidential debate was satire.,"Later, Moderator",452,"https://us-east-1.tchyn.io/snopes-production/uploads/2016/10/a27.jpg?resize=600,409",865,http://schema.org/ImageObject,Internet,,http://schema.org/Organization,2016-10-20T00:00:00+00:00,http://schema.org/CreativeWork,FALSE,-1,-1,-1,http://schema.org/Rating,https://www.snopes.com/chris-wallace-receives-cease-and-desist/
34,Snopes,http://schema.org/Organization,"Michelle Obama urged Kansas schoolchildren to ""monitor their grandparents for racial intolerance.""",2016-10-11T12:17:24+00:00,2016-10-11T00:00:00+00:00,"The First Lady gave a 2014 speech in Topeka commemorating Brown v. Board of Education but did not urge students engage in ""KGB-style"" enforcement of racial tolerance.",Race Conflating,452,"https://us-east-1.tchyn.io/snopes-production/uploads/2015/08/michelle-obama-head-shot.jpg?resize=865,452",865,http://schema.org/ImageObject,Internet,,http://schema.org/Organization,2016-10-11T00:00:00+00:00,http://schema.org/CreativeWork,FALSE,-1,-1,-1,http://schema.org/Rating,https://www.snopes.com/michelle-monitor-family-members/
35,Snopes,http://schema.org/Organization,"Hillary Clinton cancelled a campaign event because of ""bizarre eye movements.""",2016-09-21T14:45:53+00:00,2016-09-21T00:00:00+00:00,"Hillary Clinton cancelled a North Carolina event due to ""changes"" to her schedule, but not because of reported ""bizarre eye movements.""",Eyes Wide Crossed,452,"https://us-east-1.tchyn.io/snopes-production/uploads/2016/09/a30.jpg?resize=600,400",865,http://schema.org/ImageObject,Internet,,http://schema.org/Organization,2016-09-21T00:00:00+00:00,http://schema.org/CreativeWork,FALSE,-1,-1,-1,http://schema.org/Rating,https://www.snopes.com/clinton-bizarre-eye-movements/
36,Snopes,http://schema.org/Organization,"President Obama demanded a monument to himself because ""there's plenty of monuments dedicated to racist white people.""",2016-10-18T23:31:20+00:00,2016-10-18T00:00:00+00:00,"A conservative site falsely claimed President Obama demanded a monument to himself because ""there's plenty of monuments dedicated to racist white people.""",A Monumental Lie,452,"https://us-east-1.tchyn.io/snopes-production/uploads/2016/10/Barack-Obama-091116.jpg?resize=800,430",865,http://schema.org/ImageObject,Internet,,http://schema.org/Organization,2016-10-18T00:00:00+00:00,http://schema.org/CreativeWork,FALSE,-1,-1,-1,http://schema.org/Rating,https://www.snopes.com/obama-demands-monument/
37,Snopes,http://schema.org/Organization,Mylan CEO Heather Bresch donated a large sum of money to the Clinton Foundation.,2016-08-25T15:58:17+00:00,2016-08-25T00:00:00+00:00,"The pharmaceutical company Mylan (manufacturer of the EpiPen), not their CEO personally, donated money to the Clinton Foundation.",Heathers,452,"https://us-east-1.tchyn.io/snopes-production/uploads/2016/08/a48.jpg?resize=600,444",865,http://schema.org/ImageObject,Internet,,http://schema.org/Organization,2016-08-25T00:00:00+00:00,http://schema.org/CreativeWork,MOSTLY FALSE,-1,-1,-1,http://schema.org/Rating,https://www.snopes.com/mylan-ceo-clinton-foundation/
38,Snopes,http://schema.org/Organization,"Schools in Kent, Washington, have removed pork from school menus because Muslim families were offended.							See Example( s )",2016-08-15T11:36:36+00:00,2016-08-15T00:00:00+00:00,"Schools in Kent, Washington, have long since reduced the amount of pork offered on school menus for reasons unrelated to recent complaints by Muslims.",Pork Chopped,452,"https://us-east-1.tchyn.io/snopes-production/uploads/2015/10/offices-ban-pork-muslims.jpg?resize=630,445",865,http://schema.org/ImageObject,Internet,,http://schema.org/Organization,2016-08-15T00:00:00+00:00,http://schema.org/CreativeWork,FALSE,-1,-1,-1,http://schema.org/Rating,https://www.snopes.com/washington-school-district-bans-pork/
39,Snopes,http://schema.org/Organization,The Reverend Billy Graham issued a surprising statement in support of Donald Trump.,2016-10-20T11:49:54+00:00,2016-10-20T00:00:00+00:00,"A viral rumor misattributed commentary about choosing between Hillary Clinton and Donald Trump from Franklin Graham to his father, Billy Graham.",Graham Jacker,452,"https://us-east-1.tchyn.io/snopes-production/uploads/2016/10/Billy-Graham-Issues-STUNNING-Statement-on-Donald-Trump%E2%80%A6No-One-Expected-THIS.jpg?resize=865,452",865,http://schema.org/ImageObject,Internet,,http://schema.org/Organization,2016-10-20T00:00:00+00:00,http://schema.org/CreativeWork,MISATTRIBUTED,-1,-1,-1,http://schema.org/Rating,https://www.snopes.com/billy-graham-statement-trump/
40,Snopes,http://schema.org/Organization,An Australian military veteran single-handedly beat up eight Muslim men who attacked his wife.							See Example( s ),2016-09-02T12:27:30+00:00,2016-09-02T00:00:00+00:00,The circumstances around a reported January 2016 scuffle on an Australian beach remain unclear.,Aussie Punch,452,"https://us-east-1.tchyn.io/snopes-production/uploads/2016/09/a2.jpg?resize=600,400",865,http://schema.org/ImageObject,Internet,,http://schema.org/Organization,2016-09-02T00:00:00+00:00,http://schema.org/CreativeWork,UNPROVEN,-1,-1,-1,http://schema.org/Rating,https://www.snopes.com/australian-military-veteran-beat-up-eight-muslims-for-attacking-his-wife/
41,Snopes,http://schema.org/Organization,A Muslim woman entered a co-ed hair salon and demanded all the men there leave so she could take off her veil to get her hair done.,2016-09-06T21:20:55+00:00,2016-09-06T00:00:00+00:00,A Norwegian hairdresser is facing legal punishment for discriminating against a hijab-wearing woman.,Hijab Dye Job,452,"https://us-east-1.tchyn.io/snopes-production/uploads/2016/09/a8.jpg?resize=600,400",865,http://schema.org/ImageObject,Internet,,http://schema.org/Organization,2016-09-06T00:00:00+00:00,http://schema.org/CreativeWork,MIXTURE,-1,-1,-1,http://schema.org/Rating,https://www.snopes.com/muslim-woman-demanded-men-leave-salon-so-she-could-get-her-hair-styled/
42,Snopes,http://schema.org/Organization,Pope Francis decreed that Catholics cannot vote for Democratic presidential candidate Hillary Clinton.							See Example( s ),2016-10-21T10:47:57+00:00,2016-10-21T00:00:00+00:00,Neither Pope Francis nor any other pope decreed that Catholics cannot vote for Democratic presidential candidate Hillary Clinton.,Franciscan Bunk,452,"https://us-east-1.tchyn.io/snopes-production/uploads/2016/07/clintonpope.jpg?resize=777,437",865,http://schema.org/ImageObject,Internet,,http://schema.org/Organization,2016-10-21T00:00:00+00:00,http://schema.org/CreativeWork,FALSE,-1,-1,-1,http://schema.org/Rating,https://www.snopes.com/pope-forbids-catholics-from-voting-for-hillary-clinton/
43,Snopes,http://schema.org/Organization,"Donald Trump attended a hate group gathering ""snubbed"" by former GOP candidates Mitt Romney and John McCain.",2016-09-14T16:26:48+00:00,2016-09-14T00:00:00+00:00,"Donald Trump did attend the 2016 Values Voter summit, but the claim that the event was ""shunned"" by preceding GOP candidates is unfounded.",Trump Stump,452,"https://us-east-1.tchyn.io/snopes-production/uploads/2016/09/donald-trump.jpg?resize=865,452",865,http://schema.org/ImageObject,Internet,,http://schema.org/Organization,2016-09-14T00:00:00+00:00,http://schema.org/CreativeWork,MIXTURE,-1,-1,-1,http://schema.org/Rating,https://www.snopes.com/trump-anti-gay-shunned/
44,Snopes,http://schema.org/Organization,Michael Kors uses fur from dogs that were skinned alive in manufacturing the brand's products.							See Example( s ),2016-10-25T13:24:17+00:00,2016-10-25T00:00:00+00:00,"A since-deleted petition falsely accused the Michael Kors  brand of making items out of fur from dogs that were ""skinned alive.""",Barkin' Bag,452,"https://us-east-1.tchyn.io/snopes-production/uploads/2016/10/michael-kors-skinning-dogs-alive-purse.jpg?resize=636,354",865,http://schema.org/ImageObject,Internet,,http://schema.org/Organization,2016-10-25T00:00:00+00:00,http://schema.org/CreativeWork,FALSE,-1,-1,-1,http://schema.org/Rating,https://www.snopes.com/michael-kors-dog-fur-petition/
45,Snopes,http://schema.org/Organization,"A photograph shows a man with the word ""Trump"" tattooed across his forehead.",2016-10-25T12:39:38+00:00,2016-10-25T00:00:00+00:00,"A photograph of a man with the word ""Trump"" tattooed on his forehead is an old April Fool's joke.",Head Start,452,"https://us-east-1.tchyn.io/snopes-production/uploads/2016/10/trump-tattoo.jpg?resize=800,452",865,http://schema.org/ImageObject,Internet,,http://schema.org/Organization,2016-10-25T00:00:00+00:00,http://schema.org/CreativeWork,FALSE,-1,-1,-1,http://schema.org/Rating,https://www.snopes.com/trump-forehead-tattoo/
46,Snopes,http://schema.org/Organization,"Minecraft has a newly-discovered ""sex mod"" of which parents should be aware and exercise caution (or restrict the game from their children entirely).",2016-10-25T11:57:43+00:00,2016-10-25T00:00:00+00:00,"Parental pearl-clutching about Minecraft ""sex mods"" is largely based on misinformation about the popular game.",Parental Misguidance,452,"https://us-east-1.tchyn.io/snopes-production/uploads/2016/10/minecraft-sex-mod.jpg?resize=610,452",865,http://schema.org/ImageObject,Internet,,http://schema.org/Organization,2016-10-25T00:00:00+00:00,http://schema.org/CreativeWork,MOSTLY FALSE,-1,-1,-1,http://schema.org/Rating,https://www.snopes.com/minecraft-sex-mods/
47,Snopes,http://schema.org/Organization,Satellite images of hexagon-shaped holes in clouds above the Bermuda Triangle prove that large blasts of sinking air are the cause of mysterious shipwrecks and plane crashes in the area.,2016-10-25T07:35:25+00:00,2016-10-25T00:00:00+00:00,"A perfect storm of sensationalist, ratings-driven science TV, and extremely lazy click-driven journalism resulted in a viral story that explains literally nothing about the “Bermuda Triangle”.",The Bermuda Hexagon,452,"https://us-east-1.tchyn.io/snopes-production/uploads/2016/10/Hexagon-clouds-over-the-Bermuda-Triange.jpg?resize=615,410",865,http://schema.org/ImageObject,Internet,,http://schema.org/Organization,2016-10-25T00:00:00+00:00,http://schema.org/CreativeWork,FALSE,-1,-1,-1,http://schema.org/Rating,https://www.snopes.com/scientists-solve-bermuda-triangle/
48,Snopes,http://schema.org/Organization,"6,000 Muslim migrants with forged papers were captured trying to cross the U.S.-Mexico border.",2016-10-24T17:48:20+00:00,2016-10-24T00:00:00+00:00,"A claim that 6,000 Muslim migrants were captured at the U.S.-Mexico border with forged papers is unsubstantiated.",Border Cajole,452,"https://us-east-1.tchyn.io/snopes-production/uploads/2016/10/border1.jpg?resize=640,427",865,http://schema.org/ImageObject,Internet,,http://schema.org/Organization,2016-10-24T00:00:00+00:00,http://schema.org/CreativeWork,MOSTLY FALSE,-1,-1,-1,http://schema.org/Rating,https://www.snopes.com/6000-muslims-caught-border/
49,Snopes,http://schema.org/Organization,The Supreme Court has upheld former Vice President Dick Cheney's sentence of 20 years in prison on charges related to war crimes.							See Example( s ),2016-10-24T14:29:53+00:00,2016-10-24T00:00:00+00:00,"The Huffington Post published a satirical item set in the future about Dick Cheney's being sentenced to 20 years in prison for war crimes, confusing some readers.",Dick (Ball and) Cheney,452,"https://us-east-1.tchyn.io/snopes-production/uploads/2016/10/Supreme-Court-Confirms-20-Year-Prison-Sentence-For-Ex-VP-Dick-Cheney.jpg?resize=628,314",865,http://schema.org/ImageObject,Internet,,http://schema.org/Organization,2016-10-24T00:00:00+00:00,http://schema.org/CreativeWork,FALSE,-1,-1,-1,http://schema.org/Rating,https://www.snopes.com/supreme-court-confirms-20-year-prison-sentence-for-ex-vp-dick-cheney/
50,Snopes,http://schema.org/Organization,Hillary Clinton's campaign manager Robby Mook deleted most of his tweets due to an FBI investigation.							See Example( s ),2016-10-29T09:07:08+00:00,2016-10-29T00:00:00+00:00,"A disreputable web site spread a baseless rumor holding that Hillary Clinton's campaign manager Robby Mook deleted all of of his tweets because he was ""spooked"" by an FBI investigation.",Mook Spooked,452,"https://us-east-1.tchyn.io/snopes-production/uploads/2016/09/a30.jpg?resize=600,400",865,http://schema.org/ImageObject,Internet,,http://schema.org/Organization,2016-10-29T00:00:00+00:00,http://schema.org/CreativeWork,FALSE,-1,-1,-1,http://schema.org/Rating,https://www.snopes.com/spooked-clinton-campaign-manager-deleted-tweets/
51,Snopes,http://schema.org/Organization,40 million Russians conducted drills for an imminent nuclear strike.							See Example( s ),2016-10-04T19:42:29+00:00,2016-10-04T00:00:00+00:00,"The drills were part of a disaster exercise, not an indication of an imminent nuclear war.",The Russians Are... Just Practicing,452,"https://us-east-1.tchyn.io/snopes-production/uploads/2016/10/a2.jpg?resize=600,434",865,http://schema.org/ImageObject,Internet,,http://schema.org/Organization,2016-10-04T00:00:00+00:00,http://schema.org/CreativeWork,MIXTURE,-1,-1,-1,http://schema.org/Rating,https://www.snopes.com/russians-drill-nuclear-strike/
52,Snopes,http://schema.org/Organization,Dogs and wolves are genetically 99.9% identical.,2016-10-28T14:09:22+00:00,2016-10-28T00:00:00+00:00,"Domestic dogs split from their wild counterpart, the grey wolf, quite recently by evolutionary timescales. As such, the two animals are remarkably similar from a genetic standpoint.",Never Cry Doge,452,"https://us-east-1.tchyn.io/snopes-production/uploads/2016/10/Screen-Shot-2016-10-28-at-10.49.38-AM.png?resize=742,452",865,http://schema.org/ImageObject,Internet,,http://schema.org/Organization,2016-10-28T00:00:00+00:00,http://schema.org/CreativeWork,TRUE,-1,-1,-1,http://schema.org/Rating,https://www.snopes.com/dogs-99-percent-wolf/
53,Snopes,http://schema.org/Organization,A picture of a man with his head split open documents the effect of marijuana use.							See Example( s ),2016-10-27T17:56:11+00:00,2016-10-27T00:00:00+00:00,"A picture circulating online uses a picture of actor Steven Yeun while advising, ""Say no to drugs, people.""",The Walking Pothead,452,"https://us-east-1.tchyn.io/snopes-production/uploads/2016/10/Screen-Shot-2016-10-27-at-5.52.13-PM.png?resize=865,452",865,http://schema.org/ImageObject,Internet,,http://schema.org/Organization,2016-10-27T00:00:00+00:00,http://schema.org/CreativeWork,FALSE,-1,-1,-1,http://schema.org/Rating,https://www.snopes.com/fake-anti-marijuana-picture-rips-off-walking-dead-producer/
54,Snopes,http://schema.org/Organization,"An image shows a Muslim child bride in Germany, proving Germany is submitting to ""Sharia law.""",2016-10-28T14:37:52+00:00,2016-10-28T00:00:00+00:00,"There is no proof an image showing a white-clad little girl is a ""child bride,"" or that Germany is allowing children to marry in accordance with supposed Sharia law.",Bridal Tales,452,"https://us-east-1.tchyn.io/snopes-production/uploads/2016/10/a37.jpg?resize=600,377",865,http://schema.org/ImageObject,Internet,,http://schema.org/Organization,2016-10-28T00:00:00+00:00,http://schema.org/CreativeWork,FALSE,-1,-1,-1,http://schema.org/Rating,https://www.snopes.com/germany-allows-child-marriages/
55,Snopes,http://schema.org/Organization,Marijuana legalization has led to an increase in crime and fatalities all over Colorado.							See Example( s ),2016-11-02T13:49:29+00:00,2016-11-02T13:49:29+00:00,Denver District Attorney Mitchell Morrissey published a letter painting a bleak picture of marijuana for an anti-legalization campaign.,Rocky Mountain Reefer Madness,452,"https://us-east-1.tchyn.io/snopes-production/uploads/2016/11/marijuana.jpg?resize=800,418",865,http://schema.org/ImageObject,Internet,,http://schema.org/Organization,1970-01-01T00:00:00+00:00,http://schema.org/CreativeWork,UNPROVEN,-1,-1,-1,http://schema.org/Rating,https://www.snopes.com/marijuana-responsible-colorado-crime-increase/
56,Snopes,http://schema.org/Organization,A groundbreaking study showing that algae can draw an alternative source of energy from other plants suggests that humans might be able to draw energy from each other in a similar way.							See Example( s ),2016-11-02T13:28:23+00:00,2016-11-02T00:00:00+00:00,Viral claims about humans’ ability to sense and feed off of one another’s emotional energy are the result of a comically tortured reading of a groundbreaking study about algae.,Metaphysical Metabolism,452,"https://us-east-1.tchyn.io/snopes-production/uploads/2016/11/pexels-photo-133749.jpeg?resize=865,452",865,http://schema.org/ImageObject,Internet,,http://schema.org/Organization,2016-11-02T00:00:00+00:00,http://schema.org/CreativeWork,FALSE,-1,-1,-1,http://schema.org/Rating,https://www.snopes.com/study-suggests-humans-can-literally-feed-off-each-others-energy/
57,Snopes,http://schema.org/Organization,"Hillary Clinton refused to exit her vehicle at an event in Florida after the crowd started chanting ""lock her up.""",2016-11-02T13:16:39+00:00,2016-11-02T00:00:00+00:00,"A Facebook post claiming that Hillary Clinton had cancelled a campaign event due to chants of ""lock her up"" was shared as genuine news.",Shut Her Up?,452,"https://us-east-1.tchyn.io/snopes-production/uploads/2016/11/clinton-rally.jpg?resize=865,452",865,http://schema.org/ImageObject,Internet,,http://schema.org/Organization,2016-11-02T00:00:00+00:00,http://schema.org/CreativeWork,FALSE,-1,-1,-1,http://schema.org/Rating,https://www.snopes.com/clinton-cancels-rally-due-to-lock-her-up-chants/
58,Snopes,http://schema.org/Organization,Drummer Ginger Baker sodomized a burglar with his cane after catching him in his house.,2016-11-02T12:35:41+00:00,2016-11-02T00:00:00+00:00,A story that drummer Ginger Baker sodomized a hapless burglar with his cane came from a satirical web site.,Moonshine of Your Love,452,"https://us-east-1.tchyn.io/snopes-production/uploads/2016/11/Ginger_Baker_19801.jpg?resize=865,452",865,http://schema.org/ImageObject,Internet,,http://schema.org/Organization,2016-11-02T00:00:00+00:00,http://schema.org/CreativeWork,FALSE,-1,-1,-1,http://schema.org/Rating,https://www.snopes.com/ginger-baker-beats-burglars-senseless-sodomizes-one-with-walking-stick/
59,Snopes,http://schema.org/Organization,The NYPD is investigating and building a case against Bill Clinton pertaining to an underage sex ring.,2016-11-02T11:03:24+00:00,2016-11-02T00:00:00+00:00,A fake news site seized upon news of an FBI investigation to falsely claim Bill Clinton was implicated in an underage sex ring.,Ring of Untruth,452,"https://us-east-1.tchyn.io/snopes-production/uploads/2016/10/bill-clinton1.jpg?resize=865,452",865,http://schema.org/ImageObject,Internet,,http://schema.org/Organization,2016-11-02T00:00:00+00:00,http://schema.org/CreativeWork,FALSE,-1,-1,-1,http://schema.org/Rating,https://www.snopes.com/clinton-underage-sex-ring/
60,Snopes,http://schema.org/Organization,A list cites instances proving voter fraud in the 2012 U.S. presidential election.							See Example( s ),2016-08-02T06:10:58+00:00,2013-01-07T00:00:00+00:00,A list of instances supposedly proving voter fraud in the 2012 U.S. presidential election only demonstrates that some people are really bad at math.,2012 Voter Fraud,452,"https://us-east-1.tchyn.io/snopes-production/uploads/2015/05/voterfraud.jpg?resize=699,320",865,http://schema.org/ImageObject,Internet,,http://schema.org/Organization,2013-01-07T00:00:00+00:00,http://schema.org/CreativeWork,FALSE,-1,-1,-1,http://schema.org/Rating,https://www.snopes.com/politics/ballot/2012fraud.asp
61,Snopes,http://schema.org/Organization,"Hillary Clinton is disqualified from holding the office of President under the provisions of U.S. Code Title 18, Section 2071.							See Example( s )",2016-05-27T10:14:44+00:00,2016-05-27T00:00:00+00:00,"A chain message claims that Hillary Clinton is disqualified from holding public office under U.S. Code Title 18, Section 2071, but the application of that law to her is doubtful.",Don't Forget to Strip Your Server,452,"https://us-east-1.tchyn.io/snopes-production/uploads/2016/05/hillary-clinton-disqualified.jpg?resize=865,452",865,http://schema.org/ImageObject,Internet,,http://schema.org/Organization,2016-05-27T00:00:00+00:00,http://schema.org/CreativeWork,MOSTLY FALSE,-1,-1,-1,http://schema.org/Rating,https://www.snopes.com/hillary-clinton-disqualified/
62,Snopes,http://schema.org/Organization,The Amish Brotherhood have endorsed Donald Trump for president.,2016-10-27T12:37:33+00:00,2016-10-27T00:00:00+00:00,"A hoax news article reported that ""millions"" of Amish people were throwing their support behind Donald Trump in the 2016 presidential election.",Amish Wish,452,"https://us-east-1.tchyn.io/snopes-production/uploads/2016/10/amish.jpg?resize=865,452",865,http://schema.org/ImageObject,Internet,,http://schema.org/Organization,2016-10-27T00:00:00+00:00,http://schema.org/CreativeWork,FALSE,-1,-1,-1,http://schema.org/Rating,https://www.snopes.com/amish-trump-presidential-victory/
63,Snopes,http://schema.org/Organization,Chattanooga-area NBC affiliate WRCB inadvertently exposed the rigging of 2016 election results in Hillary Clinton's favor.							See Example( s ),2016-11-07T12:39:35+00:00,2016-11-05T00:00:00+00:00,"In what is becoming a common pre-election conspiracy-driving glitch, an NBC affiliate's software test was interpreted as evidence election results were rigged.",The Fix's Din,452,"https://us-east-1.tchyn.io/snopes-production/uploads/2016/11/nbc-accidentally-posts-election-results-week-early.jpg?resize=768,388",865,http://schema.org/ImageObject,Internet,,http://schema.org/Organization,2016-11-05T00:00:00+00:00,http://schema.org/CreativeWork,MOSTLY FALSE,-1,-1,-1,http://schema.org/Rating,https://www.snopes.com/nbc-accidentally-posts-election-results-a-week-early/
64,Snopes,http://schema.org/Organization,Al Capone said that the United States wouldn't elect a woman president until the Chicago Cubs won the World Series.							See Example( s ),2016-11-08T13:14:44+00:00,2016-11-08T00:00:00+00:00,A quote ostensibly uttered by notorious gangster Al Capone about electing a woman president when the Chicago Cubs win the World Series is fake.,"Cubs Win, the Woman's In",452,"https://us-east-1.tchyn.io/snopes-production/uploads/2016/11/al-capone.jpg?resize=865,452",865,http://schema.org/ImageObject,Internet,,http://schema.org/Organization,2016-11-08T00:00:00+00:00,http://schema.org/CreativeWork,FALSE,-1,-1,-1,http://schema.org/Rating,https://www.snopes.com/al-capone-woman-president/
65,Snopes,http://schema.org/Organization,"A van full of ""illegals"" traveled from voting booth to voting booth in Arizona in order to vote (illegally) for Hillary Clinton.",2016-11-08T08:53:15+00:00,2016-11-08T00:00:00+00:00,"Fake ""voter fraud"" stories showed up early and often during 2016's general election.",Voter Van,452,"https://us-east-1.tchyn.io/snopes-production/uploads/2016/11/voterfraud.jpg?resize=865,452",865,http://schema.org/ImageObject,Internet,,http://schema.org/Organization,2016-11-08T00:00:00+00:00,http://schema.org/CreativeWork,FALSE,-1,-1,-1,http://schema.org/Rating,https://www.snopes.com/van-full-of-illegals-shows-up-to-vote-clinton-at-six-polling-places/
66,Snopes,http://schema.org/Organization,BBC's Carol Kirkwood used a curse word to describe the weather.							See Example( s ),2016-11-13T12:55:21+00:00,2016-01-22T00:00:00+00:00,Reports that that BBC's Carol Kirkwood used a curse word to describe the weather are fake news.,Scold Outside,452,"https://us-east-1.tchyn.io/snopes-production/uploads/2016/01/bbc-carol-kirkwood.jpg?resize=608,342",865,http://schema.org/ImageObject,Internet,,http://schema.org/Organization,2016-01-22T00:00:00+00:00,http://schema.org/CreativeWork,FALSE,-1,-1,-1,http://schema.org/Rating,https://www.snopes.com/bbc-weather-reporter-cursed/
67,Snopes,http://schema.org/Organization,A list of 'Which Side of the Fence?' entries originated with comedian Jeff Foxworthy.							See Example( s ),2013-10-08T21:13:30+00:00,2013-01-29T00:00:00+00:00,Did a list of 'Which Side of the Fence' entries originate with comedian Jeff Foxworthy?,Which Side of the Fence?,452,"https://us-east-1.tchyn.io/snopes-production/uploads/2013/10/Screen-Shot-2016-11-13-at-11.54.53-AM.png?resize=764,452",865,http://schema.org/ImageObject,Internet,,http://schema.org/Organization,2013-01-29T00:00:00+00:00,http://schema.org/CreativeWork,FALSE,-1,-1,-1,http://schema.org/Rating,https://www.snopes.com/politics/humor/fence.asp
68,Snopes,http://schema.org/Organization,Former Monty Python member John Cleese penned a satirical piece announcing the revocation of America's independence for failure to elect a competent president.							See Example( s ),2016-11-13T10:09:10+00:00,2003-04-21T00:00:00+00:00,Former Monty Python member John Cleese did not pen a satirical piece announcing the revocation of America's independence for failure to elect a competent president.,Revocation of Independence,452,"https://us-east-1.tchyn.io/snopes-production/uploads/2013/08/cleese.jpg?resize=600,360",865,http://schema.org/ImageObject,Internet,,http://schema.org/Organization,2003-04-21T00:00:00+00:00,http://schema.org/CreativeWork,MISATTRIBUTED,-1,-1,-1,http://schema.org/Rating,https://www.snopes.com/politics/soapbox/revocation.asp
69,Snopes,http://schema.org/Organization,A woman set her husband on fire for molesting their daughter.,2016-11-12T19:14:13+00:00,2016-11-12T00:00:00+00:00,An genuine news story from 2014 is often shared along with a series of unrelated images.,You're Fired,452,"https://us-east-1.tchyn.io/snopes-production/uploads/2016/11/pexels-photo.jpg?resize=865,452",865,http://schema.org/ImageObject,Internet,,http://schema.org/Organization,2016-11-12T00:00:00+00:00,http://schema.org/CreativeWork,MIXTURE,-1,-1,-1,http://schema.org/Rating,https://www.snopes.com/woman-sets-her-husband-on-fire-for-raping-daughter/
70,Snopes,http://schema.org/Organization,Anti-Trump protesters beat a homeless veteran to death in Philadelphia.							See Example( s ),2016-11-12T10:10:04+00:00,2016-11-12T00:00:00+00:00,A video allegedly showing anti-Trump protesters beating a man to death in Philadelphia was actually filmed in 2015 and is unrelated to the protests.,Instant Repay,452,"https://us-east-1.tchyn.io/snopes-production/uploads/2016/11/aggravated-assault.jpg?resize=640,379",865,http://schema.org/ImageObject,Internet,,http://schema.org/Organization,2016-11-12T00:00:00+00:00,http://schema.org/CreativeWork,FALSE,-1,-1,-1,http://schema.org/Rating,https://www.snopes.com/protesters-beat-homeless-veteran/
71,Snopes,http://schema.org/Organization,"A Harvard Study showed that Tibetan Monks can significantly raise the temperature of their fingers, toes and other extremities through meditation alone.",2016-11-12T14:41:34+00:00,2016-11-12T14:41:34+00:00,"A 1982 study of Tibetan practitioners of ""g-tummo"" yoga did indeed demonstrate their ability to raise the temperature of different parts of their body.",Monk-y Business,452,"https://us-east-1.tchyn.io/snopes-production/uploads/2016/11/1394890134-3-o.jpg?resize=700,452",865,http://schema.org/ImageObject,Internet,,http://schema.org/Organization,1970-01-01T00:00:00+00:00,http://schema.org/CreativeWork,TRUE,-1,-1,-1,http://schema.org/Rating,https://www.snopes.com/harvard-study-confirms-tibetan-monks-can-raise-body-temperature-with-their-minds/
72,Snopes,http://schema.org/Organization,"Donald Trump announced plans to convert the USS Enterprise into a ""floating hotel and casino.""							See Example( s )",2016-11-17T17:25:48+00:00,2016-11-17T00:00:00+00:00,"A story  that Donald Trump was planning to ""repurpose"" the USS Enterprise was just another piece of military satire.",Trump Taj Mah-Hull,452,"https://us-east-1.tchyn.io/snopes-production/uploads/2016/11/Trump-to-repurpose-USS-Enterprise-into-floating-hotel-and-casino.jpg?resize=865,452",865,http://schema.org/ImageObject,Internet,,http://schema.org/Organization,2016-11-17T00:00:00+00:00,http://schema.org/CreativeWork,FALSE,-1,-1,-1,http://schema.org/Rating,https://www.snopes.com/trump-to-repurpose-uss-enterprise-into-floating-hotel-and-casino/
73,Snopes,http://schema.org/Organization,Celebrity Cruise lines released an ad saying that Donald Trump's supporters were no longer welcome on their ships.,2016-11-17T17:18:30+00:00,2016-11-17T00:00:00+00:00,"Celebrity Cruise Lines released an advertisement addressing some of Donald Trump's talking points from the 2016 presidential election, but they did not say that his supporters were not welcome.",Beyond Borders,452,"https://us-east-1.tchyn.io/snopes-production/uploads/2016/11/Screenshot-2016-11-17-at-5.jpg?resize=865,452",865,http://schema.org/ImageObject,Internet,,http://schema.org/Organization,2016-11-17T00:00:00+00:00,http://schema.org/CreativeWork,MOSTLY FALSE,-1,-1,-1,http://schema.org/Rating,https://www.snopes.com/celebrity-cruise-lines-attacks-trump-and-his-supporters-in-new-ad/
74,Snopes,http://schema.org/Organization,A majority of anti-Trump protesters did not vote in the 2016 general election.							See Example( s ),2016-11-17T14:42:27+00:00,2016-11-17T00:00:00+00:00,Articles and rumors claimed that a majority of anti-Trump demonstrators did not vote in the very election they protested.,"Boo, Don't Vote",452,"https://us-east-1.tchyn.io/snopes-production/uploads/2016/11/flickr-protest.jpg?resize=865,452",865,http://schema.org/ImageObject,Internet,,http://schema.org/Organization,2016-11-17T00:00:00+00:00,http://schema.org/CreativeWork,UNPROVEN,-1,-1,-1,http://schema.org/Rating,https://www.snopes.com/most-trump-protesters-didnt-vote/
75,Snopes,http://schema.org/Organization,"A Mexican supermarket chain is adding ""donations"" for a U.S.-Mexico border wall to its charges.							See Example( s )",2016-11-17T14:19:04+00:00,2016-11-17T00:00:00+00:00,A faked photograph led to accusations that Soriana markets were making customers foot the bill for one of Donald Trump's campaign promises.,Mercado de Supermentiras,452,"https://us-east-1.tchyn.io/snopes-production/uploads/2016/11/soriana-hiper11.jpg?resize=650,393",865,http://schema.org/ImageObject,Internet,,http://schema.org/Organization,2016-11-17T00:00:00+00:00,http://schema.org/CreativeWork,FALSE,-1,-1,-1,http://schema.org/Rating,https://www.snopes.com/mexican-supermarket-taking-donations-for-trump-border-wall/
76,Snopes,http://schema.org/Organization,A Rutgers University professor was forced into a psychological evaluation due to political tweets.,2016-11-17T14:03:32+00:00,2016-11-17T00:00:00+00:00,"Kevin Allred, who teaches women's and gender studies at Rutgers, said his First Amendment rights were violated when police detained him for a rhetorical tweet about shooting white people.",Psyche War,452,"https://us-east-1.tchyn.io/snopes-production/uploads/2016/11/a17.jpg?resize=600,431",865,http://schema.org/ImageObject,Internet,,http://schema.org/Organization,2016-11-17T00:00:00+00:00,http://schema.org/CreativeWork,MIXTURE,-1,-1,-1,http://schema.org/Rating,https://www.snopes.com/new-york-police-takes-rutgers-professor-for-psychological-evaluation-over-political-tweet/
77,Snopes,http://schema.org/Organization,An FBI agent investigating Hillary Clinton's use of a private e-mail server killed himself after murdering his wife.,2016-11-05T23:42:27+00:00,2016-11-05T23:42:27+00:00,Reports that an FBI agent investigating Hillary Clinton's use of a private e-mail server killed himself after murdering his wife are just fake news.,FBI Agent Suspected in Hillary Email Leaks Found Dead,452,"https://us-east-1.tchyn.io/snopes-production/uploads/2016/11/fire.jpg?resize=640,427",865,http://schema.org/ImageObject,Internet,,http://schema.org/Organization,1970-01-01T00:00:00+00:00,http://schema.org/CreativeWork,FALSE,-1,-1,-1,http://schema.org/Rating,https://www.snopes.com/fbi-agent-murder-suicide/
78,Snopes,http://schema.org/Organization,Shoplifter who attempts to conceal a chicken under her hat is caught when the frozen loot renders her unconscious.							See Example( s ),2011-09-04T02:35:04+00:00,2001-02-18T00:00:00+00:00,Did a shoplifter who stashed a frozen chicken under her hat die of 'frozen brain'?,The Meathead,452,"https://us-east-1.tchyn.io/snopes-production/uploads/2011/09/3567534343_06ee6c52ed_o-e1479839776741.jpg?resize=865,452",865,http://schema.org/ImageObject,Internet,,http://schema.org/Organization,2001-02-18T00:00:00+00:00,http://schema.org/CreativeWork,LEGEND,-1,-1,-1,http://schema.org/Rating,https://www.snopes.com/crime/dumdum/meathead.asp
79,Snopes,http://schema.org/Organization,"A phone number posted on a ""consumer watchdog"" site belongs to a college loan servicer.							See Example( s )",2016-11-22T08:37:15+00:00,2016-11-22T00:00:00+00:00,"We called ""EDU Loan Servicing"" after it was featured on a ""consumer watchdog"" page; it appears to be one of many scams.",Wrong Number,452,"https://us-east-1.tchyn.io/snopes-production/uploads/2016/11/walkingdebt.jpg?resize=800,430",865,http://schema.org/ImageObject,Internet,,http://schema.org/Organization,2016-11-22T00:00:00+00:00,http://schema.org/CreativeWork,FALSE,-1,-1,-1,http://schema.org/Rating,https://www.snopes.com/student-loan-forgiveness-scam/
80,Snopes,http://schema.org/Organization,"A woman pulled a Muslim woman's hijab inside a Walmart and told her, ""Go hang yourself with it around your neck.""							See Example( s )",2016-11-10T17:18:14+00:00,2016-11-10T00:00:00+00:00,A woman's uncorroborated Facebook post describing the alleged incident was shared thousands of times.,Islamophobia on Aisle Five,452,"https://us-east-1.tchyn.io/snopes-production/uploads/2016/11/walmart1.jpg?resize=800,406",865,http://schema.org/ImageObject,Internet,,http://schema.org/Organization,2016-11-10T00:00:00+00:00,http://schema.org/CreativeWork,FALSE,-1,-1,-1,http://schema.org/Rating,https://www.snopes.com/muslim-woman-told-to-hang-herself-with-hijab-at-walmart/
81,Snopes,http://schema.org/Organization,"Jellyfish and lobsters are considered biologically immortal, meaning they don’t age and will never die unless they are killed.							See Example( s )",2016-11-21T19:42:42+00:00,2016-11-21T00:00:00+00:00,"Some jellyfish do meet the definition of biologic immortality, but lobsters do not make the cut.","Mortality, Actually",452,"https://us-east-1.tchyn.io/snopes-production/uploads/2016/11/pexels-photo-112603.jpeg?resize=865,452",865,http://schema.org/ImageObject,Internet,,http://schema.org/Organization,2016-11-21T00:00:00+00:00,http://schema.org/CreativeWork,MIXTURE,-1,-1,-1,http://schema.org/Rating,https://www.snopes.com/are-jellyfish-and-lobsters-biologically-immortal/
82,Snopes,http://schema.org/Organization,President Barack Obama signed an executive order banning all fake news outlets.,2016-11-29T16:34:14+00:00,2016-11-29T00:00:00+00:00,A story that the President is banning all fake news came from — you guessed it — a fake news site.,Execu-Fib Order,452,"https://us-east-1.tchyn.io/snopes-production/uploads/2016/11/30192882505_e719e7c572_b.jpg?resize=865,452",865,http://schema.org/ImageObject,Internet,,http://schema.org/Organization,2016-11-29T00:00:00+00:00,http://schema.org/CreativeWork,FALSE,-1,-1,-1,http://schema.org/Rating,https://www.snopes.com/in-wake-of-election-obama-passes-executive-order-banning-all-fake-news-outlets/
83,Snopes,http://schema.org/Organization,"Jill Stein was arrested and charged with embezzling money raised for 2016 recount efforts in order to throw a ""marijuana dinner party.""							See Example( s )",2016-11-28T17:51:24+00:00,2016-11-28T00:00:00+00:00,"An old photograph of Jill Stein was used to claim that the Green Party presidential candidate had been arrested for using ""recount funds"" to host a ""marijuana dinner party.""",The Green Party's Green Party,452,"https://us-east-1.tchyn.io/snopes-production/uploads/2016/11/Jill-Stein-Caught-Embezzling-Recount-Funds-For-Marijuana-Dinner-Party.jpg?resize=630,389",865,http://schema.org/ImageObject,Internet,,http://schema.org/Organization,2016-11-28T00:00:00+00:00,http://schema.org/CreativeWork,FALSE,-1,-1,-1,http://schema.org/Rating,https://www.snopes.com/jill-stein-caught-embezzling-recount-funds-for-marijuana-dinner-party/
84,Snopes,http://schema.org/Organization,Donald Trump promised on Twitter that his first act as president would be to pardon Dylann Roof.,2016-11-28T17:38:00+00:00,2016-11-28T00:00:00+00:00,"An image purporting to show a tweet sent by Donald Trump, in which he promised to pardon accused mass shooter Dylann Roof, was a hoax.",Dylann Proof,452,"https://us-east-1.tchyn.io/snopes-production/uploads/2016/11/dylann-roof.jpg?resize=862,452",865,http://schema.org/ImageObject,Internet,,http://schema.org/Organization,2016-11-28T00:00:00+00:00,http://schema.org/CreativeWork,FALSE,-1,-1,-1,http://schema.org/Rating,https://www.snopes.com/trump-promises-to-pardon-dylann-roof/
85,Snopes,http://schema.org/Organization,The Communist Party of the USA endorsed Hillary Clinton.							See Example( s ),2016-11-17T17:50:59+00:00,2016-11-17T00:00:00+00:00,"The Communist Party of the USA did not endorse Hillary Clinton, but did encourage members to vote against her rival, Donald Trump.",Party Pooper,452,"https://us-east-1.tchyn.io/snopes-production/uploads/2016/10/clinton-campaign.jpg?resize=865,452",865,http://schema.org/ImageObject,Internet,,http://schema.org/Organization,2016-11-17T00:00:00+00:00,http://schema.org/CreativeWork,FALSE,-1,-1,-1,http://schema.org/Rating,https://www.snopes.com/did-the-communist-party-of-the-usa-endorse-hillary-clinton/
86,Snopes,http://schema.org/Organization,A woman's IQ skyrocketed to an historic 220 after she drank sperm or semen for a year.							See Example( s ),2016-11-21T13:23:22+00:00,2016-11-21T00:00:00+00:00,"A stolen screenshot was attached to a fake story about the amazing cognitive benefits of ""drinking sperm.""",Sperm Whale,452,"https://us-east-1.tchyn.io/snopes-production/uploads/2016/11/3792906411_ea1e22d31f_o-e1479839148876.jpg?resize=865,452",865,http://schema.org/ImageObject,Internet,,http://schema.org/Organization,2016-11-21T00:00:00+00:00,http://schema.org/CreativeWork,FALSE,-1,-1,-1,http://schema.org/Rating,https://www.snopes.com/woman-develops-iq-of-220-after-drinking-sperm-every-day-for-a-year/
87,Snopes,http://schema.org/Organization,A document held by a potential Trump cabinet member reveals his immigration plans.,2016-11-21T17:55:25+00:00,2016-11-21T00:00:00+00:00,"While one of Trump's potential cabinet picks unwittingly revealed his harsh immigration proposals, it is inaccurate to claim it's Trump's plan.",Bleak Peak,452,"https://us-east-1.tchyn.io/snopes-production/uploads/2016/11/a22.jpg?resize=600,446",865,http://schema.org/ImageObject,Internet,,http://schema.org/Organization,2016-11-21T00:00:00+00:00,http://schema.org/CreativeWork,MIXTURE,-1,-1,-1,http://schema.org/Rating,https://www.snopes.com/trump-team-accidentally-reveals-extreme-immigration-plan/
88,Snopes,http://schema.org/Organization,The Dakota Access Pipeline (DAPL) was re-routed through the Standing Rock Reservation after Bismarck's mostly-white residents refused to allow it near their water supply.							See Example( s ),2016-11-30T11:36:43+00:00,2016-11-30T00:00:00+00:00,"As disputes and protests over the Dakota Access Pipeline continued, rumors appeared that the pipeline was re-routed after residents of Bismarck refused the risk.",Mind Your Own Bismarck,452,"https://us-east-1.tchyn.io/snopes-production/uploads/2016/11/dapl-bismarck.jpg?resize=715,396",865,http://schema.org/ImageObject,Internet,,http://schema.org/Organization,2016-11-30T00:00:00+00:00,http://schema.org/CreativeWork,MIXTURE,-1,-1,-1,http://schema.org/Rating,https://www.snopes.com/dapl-routed-through-standing-rock-after-bismarck-residents-said-no/
89,Snopes,http://schema.org/Organization,Clint Eastwood refused to accept the Presidential Medal of Freedom from President Obama.,2016-11-23T12:15:26+00:00,2016-11-23T00:00:00+00:00,A rumor that Clint Eastwood was offered — and refused — the Presidential Medal of Freedom was made up out of whole cloth.,The Man With No Award,452,"https://us-east-1.tchyn.io/snopes-production/uploads/2016/11/clint-eastwood.jpg?resize=865,452",865,http://schema.org/ImageObject,Internet,,http://schema.org/Organization,2016-11-23T00:00:00+00:00,http://schema.org/CreativeWork,FALSE,-1,-1,-1,http://schema.org/Rating,https://www.snopes.com/clint-eastwood-and-the-presidential-medal-of-freedom/
90,Snopes,http://schema.org/Organization,Trump arranged a deal with Carrier that kept a thousand jobs in the United States.  							See Example( s ),2016-11-30T10:20:56+00:00,2016-11-30T00:00:00+00:00,"A widely-reported deal arranged by the President-elect with Carrier kept 1,000 jobs in the U.S., according to both parties.",Air Conditions,452,"https://us-east-1.tchyn.io/snopes-production/uploads/2016/11/trump.jpg?resize=865,452",865,http://schema.org/ImageObject,Internet,,http://schema.org/Organization,2016-11-30T00:00:00+00:00,http://schema.org/CreativeWork,MOSTLY TRUE,-1,-1,-1,http://schema.org/Rating,https://www.snopes.com/donald-trump-brokers-deal-with-carrier-to-keep-jobs-in-america/
91,Snopes,http://schema.org/Organization,"Apple's purge of ""fake news"" apps from the App store started with the removal of Breitbart News in November 2016.							See Example( s )",2016-11-30T12:21:14+00:00,2016-11-30T00:00:00+00:00,"Rumors circulated that Apple was purging its app store of ""fake news"" web sites — starting with Breitbart's news app.",Cen-Store-Ship,452,"https://us-east-1.tchyn.io/snopes-production/uploads/2016/11/hand-apple-iphone-smartphone.jpg?resize=865,452",865,http://schema.org/ImageObject,Internet,,http://schema.org/Organization,2016-11-30T00:00:00+00:00,http://schema.org/CreativeWork,MOSTLY FALSE,-1,-1,-1,http://schema.org/Rating,https://www.snopes.com/breitbart-news-app-removed-from-the-apple-store/
92,Snopes,http://schema.org/Organization,"Republicans in Texas made significant cuts to Medicaid after they were ""emboldened"" by the results of the 2016 general election.							See Example( s )",2016-12-05T12:03:00+00:00,2016-12-05T00:00:00+00:00,"A viral article inaccurately reported that Medicaid spending cuts in Texas affecting disabled children were thanks to ""emboldened"" state Republicans.",Texan Beef,452,"https://us-east-1.tchyn.io/snopes-production/uploads/2016/12/texas_flag_fb.jpg?resize=865,452",865,http://schema.org/ImageObject,Internet,,http://schema.org/Organization,2016-12-05T00:00:00+00:00,http://schema.org/CreativeWork,MIXTURE,-1,-1,-1,http://schema.org/Rating,https://www.snopes.com/emboldened-election-texas-republicans-kill-medicaid-funding-children-disabilities/
93,Snopes,http://schema.org/Organization,Sarah Palin called for a Mall of America boycott over its hiring a black man to play Santa Claus.							See Example( s ),2016-12-05T10:56:21+00:00,2016-12-05T00:00:00+00:00,A story that the former Alaska governor called for the boycott after discovering that the mall had hired its first black Santa Claus is a hoax.,Santa Laws,452,"https://us-east-1.tchyn.io/snopes-production/uploads/2016/12/Santa_fb.jpg?resize=865,452",865,http://schema.org/ImageObject,Internet,,http://schema.org/Organization,2016-12-05T00:00:00+00:00,http://schema.org/CreativeWork,FALSE,-1,-1,-1,http://schema.org/Rating,https://www.snopes.com/sarah-palin-calls-boycott-mall-america-santa-always-white-bible/
94,Snopes,http://schema.org/Organization,Donald Trump selected Mexican drug lord El Chapo to head the Drug Enforcement Administration.							See Example( s ),2016-11-28T15:15:42+00:00,2016-11-28T00:00:00+00:00,A report that Donald Trump tapped El Chapo as head of the Drug Enforcement Administration originated from a well-known humor columnist.,Cartel of the Ball,452,"https://us-east-1.tchyn.io/snopes-production/uploads/2016/11/24877177839_e89e6c0518_k.jpg?resize=865,452",865,http://schema.org/ImageObject,Internet,,http://schema.org/Organization,2016-11-28T00:00:00+00:00,http://schema.org/CreativeWork,FALSE,-1,-1,-1,http://schema.org/Rating,https://www.snopes.com/trump-picks-el-chapo-to-run-dea/
95,Snopes,http://schema.org/Organization,Police opened fire on a store mannequin after it failed to follow their orders.							See Example( s ),2016-08-16T12:13:14+00:00,2016-08-16T00:00:00+00:00,"Police in Scranton, Pennsylvania, did not gun down a store mannequin that ""failed to comply"" with their orders.",Blast Test Dummy,452,"https://us-east-1.tchyn.io/snopes-production/uploads/2016/08/Police-Shoot-Department-Store-Mannequin-67-Times-After-Mistaking-it-for-Gunman.jpg?resize=865,452",865,http://schema.org/ImageObject,Internet,,http://schema.org/Organization,2016-08-16T00:00:00+00:00,http://schema.org/CreativeWork,FALSE,-1,-1,-1,http://schema.org/Rating,https://www.snopes.com/police-shoot-department-store-mannequin-67-times-after-mistaking-it-for-gunman/
96,Snopes,http://schema.org/Organization,Backless boosters will be banned in the United States starting in December 2016.							See Example( s ),2016-11-28T16:15:18+00:00,2016-11-28T00:00:00+00:00,A social media meme shared outdated information about the use of backless booster seats (also known as booster cushions).,Booster Ban,452,"https://us-east-1.tchyn.io/snopes-production/uploads/2016/11/6841561305_dfa16e26a9_b.jpg?resize=865,452",865,http://schema.org/ImageObject,Internet,,http://schema.org/Organization,2016-11-28T00:00:00+00:00,http://schema.org/CreativeWork,FALSE,-1,-1,-1,http://schema.org/Rating,https://www.snopes.com/backless-booster-seat-ban/
97,Snopes,http://schema.org/Organization,Article details efforts of John Glenn's wife to overcome stuttering.							See Example( s ),2016-12-08T14:44:10+00:00,2012-03-26T00:00:00+00:00,"How John Glenn's wife, Annie, overcame her stuttering.",Annie Glenn,452,"https://us-east-1.tchyn.io/snopes-production/uploads/2014/10/Screen-Shot-2016-12-08-at-3.29.48-PM.png?resize=865,452",865,http://schema.org/ImageObject,Internet,,http://schema.org/Organization,2012-03-26T00:00:00+00:00,http://schema.org/CreativeWork,TRUE,-1,-1,-1,http://schema.org/Rating,https://www.snopes.com/glurge/annieglenn.asp
98,Snopes,http://schema.org/Organization,"Secretary of State John Kerry ""funneled"" taxpayer money into his daughter's global charity.",2016-12-08T18:58:29+00:00,2016-12-08T00:00:00+00:00,"Dr. Vanessa Kerry's nonprofit organization, Seed Global Health, was awarded Peace Corps funding before and after her father, John Kerry, became U.S. Secretary of State; was there a conflict of interest?",Cash & Kerry,452,"https://us-east-1.tchyn.io/snopes-production/uploads/2016/12/john_kerry_fb.jpg?resize=865,452",865,http://schema.org/ImageObject,Daily Caller,http://dailycaller.com/2016/09/12/exclusive-john-kerrys-state-department-funneled-millions-to-his-daughters-nonprofit/,http://schema.org/Organization,2016-12-08T00:00:00+00:00,http://schema.org/CreativeWork,UNPROVEN,-1,-1,-1,http://schema.org/Rating,https://www.snopes.com/john-kerry-daughter-nonprofit/
99,Snopes,http://schema.org/Organization,"Nordstrom sells a rock in a leather pouch for $85, and a smaller version for $65.							See Example( s )",2016-12-08T17:55:18+00:00,2016-12-08T00:00:00+00:00,Nordstrom really is selling a rock in a leather pouch for $85 (and a smaller version for $65 for the cost conscious).,"Rock, Paper, Blither",452,"https://us-east-1.tchyn.io/snopes-production/uploads/2016/12/Nordstrom_leather_stone_fb.jpg?resize=865,452",865,http://schema.org/ImageObject,Internet,,http://schema.org/Organization,2016-12-08T00:00:00+00:00,http://schema.org/CreativeWork,TRUE,-1,-1,-1,http://schema.org/Rating,https://www.snopes.com/nordstrom-selling-rock-leather-pouch-85/
